1	QRVO	1d	False	True	0	0	8	2015-01-02T00:00:00+00:00	2026-10-02T00:00:00+00:00	error	5	2026-10-10T08:40:34.423317+00:00		backfill	error
2	PSKY	1d	False	True	0	0	5	2006-01-03T00:00:00+00:00	2026-10-05T00:00:00+00:00	error	5	2026-10-10T08:40:36.517555+00:00		backfill	error
3	WBD	1d	False	True	0	0	5	2005-07-08T00:00:00+00:00	2026-10-05T00:00:00+00:00	error	5	2026-10-10T08:40:38.619330+00:00		backfill	error
4	CHRD	1d	False	False	0	0	3	2010-06-17T00:00:00+00:00	2026-10-07T00:00:00+00:00	error	5	2026-10-10T08:46:56.522232+00:00		backfill	error
5	CLBK	1d	False	False	0	0	3	2018-04-20T00:00:00+00:00	2026-10-07T00:00:00+00:00	error	5	2026-10-10T08:53:13.925634+00:00		backfill	error
6	ELE	1d	False	False	0	0	3	2020-08-04T00:00:00+00:00	2026-10-07T00:00:00+00:00	error	5	2026-10-10T09:05:46.679374+00:00		backfill	error
7	NB	1d	False	False	0	0	3	2013-03-11T00:00:00+00:00	2026-10-07T00:00:00+00:00	error	5	2026-10-10T09:30:49.803984+00:00		backfill	error
8	AMZN	5m	False	True	-1	0	10	2006-07-03T13:30:00+00:00	2026-09-30T19:55:00+00:00	error	1	2026-10-10T06:38:30.966871+00:00		backfill	
9	ASML	5m	False	True	-1	0	10	2006-07-03T13:30:00+00:00	2026-09-30T19:55:00+00:00	error	1	2026-10-10T06:38:33.187247+00:00		backfill	
10	BA	5m	False	True	-1	0	10	2006-07-07T13:30:00+00:00	2026-09-30T19:55:00+00:00	error	1	2026-10-10T07:11:36.147992+00:00		backfill	
11	BAC	5m	False	True	-1	0	10	2006-06-30T13:30:00+00:00	2026-09-30T19:55:00+00:00	error	1	2026-10-10T07:11:48.184429+00:00		backfill	
12	BKNG	5m	False	True	-1	0	10	2006-06-28T13:30:00+00:00	2026-09-30T19:55:00+00:00	error	1	2026-10-10T07:12:12.130526+00:00		backfill	
13	CAT	5m	False	True	-1	0	10	2006-07-05T13:30:00+00:00	2026-09-30T19:55:00+00:00	error	1	2026-10-10T07:45:15.581956+00:00		backfill	
14	CCJ	5m	False	True	-1	0	10	2006-06-30T13:30:00+00:00	2026-09-30T19:55:00+00:00	error	1	2026-10-10T07:45:17.807577+00:00		backfill	
15	COP	5m	False	True	-1	0	10	2006-06-30T13:30:00+00:00	2026-09-30T19:55:00+00:00	ok	0	2026-10-01T05:48:22.401141+00:00		update	
16	COST	5m	False	True	-1	0	10	2006-06-28T13:30:00+00:00	2026-09-30T19:55:00+00:00	ok	0	2026-10-01T05:49:29.767117+00:00		gap_fill	
17	CRM	5m	False	True	-1	0	10	2006-06-30T13:30:00+00:00	2026-09-30T19:55:00+00:00	ok	0	2026-10-01T05:50:58.302260+00:00		update	
18	CVS	5m	False	True	-1	0	10	2006-06-30T13:30:00+00:00	2026-09-30T19:55:00+00:00	ok	0	2026-10-01T05:58:34.451337+00:00		update	
19	CVX	5m	False	True	-1	0	10	2006-07-07T13:30:00+00:00	2026-09-30T19:55:00+00:00	ok	0	2026-10-01T06:00:22.479088+00:00		update	
20	DBC	5m	False	True	-1	0	10	2006-07-07T13:30:00+00:00	2026-09-30T19:55:00+00:00	ok	0	2026-10-01T06:11:59.812329+00:00		update	
21	DE	5m	False	True	-1	0	10	2006-07-07T13:30:00+00:00	2026-09-30T19:55:00+00:00	ok	0	2026-10-01T06:14:53.936607+00:00		update	
22	DHI	5m	False	True	-1	0	10	2006-06-30T13:30:00+00:00	2026-09-30T19:55:00+00:00	ok	0	2026-10-01T06:16:43.886187+00:00		gap_fill	
23	DIS	5m	False	True	-1	0	10	2006-07-07T13:30:00+00:00	2026-09-30T19:55:00+00:00	ok	0	2026-10-01T06:18:59.938262+00:00		update	
24	DUK	5m	False	True	-1	0	10	2006-06-29T13:30:00+00:00	2026-09-30T19:55:00+00:00	ok	0	2026-10-01T06:23:41.944892+00:00		update	
25	ECL	5m	False	True	-1	0	10	2006-06-30T13:30:00+00:00	2026-09-30T19:55:00+00:00	ok	0	2026-10-01T06:24:53.939115+00:00		update	
26	EEM	5m	False	True	-1	0	10	2006-07-10T13:30:00+00:00	2026-09-30T19:55:00+00:00	ok	0	2026-10-01T06:28:41.960175+00:00		update	
27	EFA	5m	False	True	-1	0	10	2006-07-10T13:30:00+00:00	2026-09-30T19:55:00+00:00	ok	0	2026-10-01T06:29:23.905538+00:00		update	
28	ELV	5m	False	True	-1	0	10	2006-06-30T13:30:00+00:00	2026-09-30T19:55:00+00:00	ok	0	2026-10-01T06:29:53.876202+00:00		update	
29	EMR	5m	False	True	-1	0	10	2006-06-30T13:30:00+00:00	2026-09-30T19:55:00+00:00	ok	0	2026-10-01T06:32:41.890406+00:00		update	
30	EPD	5m	False	True	-1	0	10	2006-06-30T13:30:00+00:00	2026-09-30T19:55:00+00:00	ok	0	2026-10-01T06:35:29.940172+00:00		update	
31	EQIX	5m	False	True	-1	0	10	2006-06-28T13:30:00+00:00	2026-09-30T19:55:00+00:00	ok	0	2026-10-01T06:36:49.197579+00:00		gap_fill	
32	ETR	5m	False	True	-1	0	10	2006-06-30T13:30:00+00:00	2026-09-30T19:55:00+00:00	ok	0	2026-10-01T06:39:43.946935+00:00		gap_fill	
33	EWG	5m	False	True	-1	0	10	2006-07-10T13:30:00+00:00	2026-09-30T19:55:00+00:00	ok	0	2026-10-01T06:41:41.886028+00:00		update	
34	EWJ	5m	False	True	-1	0	10	2006-07-10T13:30:00+00:00	2026-09-30T19:55:00+00:00	ok	0	2026-10-01T06:42:59.969784+00:00		update	
35	EWT	5m	False	True	-1	0	10	2006-07-10T13:30:00+00:00	2026-09-30T19:55:00+00:00	ok	0	2026-10-01T06:43:53.945173+00:00		update	
36	EWY	5m	False	True	-1	0	10	2006-07-10T13:30:00+00:00	2026-09-30T19:55:00+00:00	ok	0	2026-10-01T06:44:53.898645+00:00		update	
37	EWZ	5m	False	True	-1	0	10	2006-07-10T13:30:00+00:00	2026-09-30T19:55:00+00:00	ok	0	2026-10-01T06:45:47.921754+00:00		update	
38	EXEL	5m	False	True	-1	0	10	2006-06-28T13:30:00+00:00	2026-09-30T19:55:00+00:00	ok	0	2026-10-01T06:47:05.809754+00:00		update	
39	EZU	5m	False	True	-1	0	10	2006-07-10T13:30:00+00:00	2026-09-30T19:55:00+00:00	ok	0	2026-10-01T06:48:53.947985+00:00		update	
40	F	5m	False	True	-1	0	10	2006-06-30T13:30:00+00:00	2026-09-30T19:55:00+00:00	ok	0	2026-10-01T06:50:29.895015+00:00		update	

3024 candidate series -> /tmp/indicagent-190-parity/logs/ibkr_history_fetcher_dryrun_20261010T113641.tsv
  held=current: 1609
  lane=backfill tf=1d due=error: 7
  lane=backfill tf=5m due=-: 1071
  lane=gap_fill tf=5m due=-: 196
  lane=parity tf=15m due=-: 10
  lane=parity tf=1h due=-: 10
  lane=update tf=5m due=-: 121
