1	QRVO	1d	False	True	0	0	8	2015-01-02T00:00:00+00:00	2026-10-02T00:00:00+00:00	error	4	2026-10-10T04:01:48.948271+00:00		backfill	error
2	PSKY	1d	False	True	0	0	5	2006-01-03T00:00:00+00:00	2026-10-05T00:00:00+00:00	error	4	2026-10-10T04:01:51.016376+00:00		backfill	error
3	WBD	1d	False	True	0	0	5	2005-07-08T00:00:00+00:00	2026-10-05T00:00:00+00:00	error	4	2026-10-10T04:01:53.085048+00:00		backfill	error
4	CHRD	1d	False	False	0	0	3	2010-06-17T00:00:00+00:00	2026-10-07T00:00:00+00:00	error	4	2026-10-10T04:10:16.058640+00:00		backfill	error
5	CLBK	1d	False	False	0	0	3	2018-04-20T00:00:00+00:00	2026-10-07T00:00:00+00:00	error	4	2026-10-10T04:16:33.539469+00:00		backfill	error
6	ELE	1d	False	False	0	0	3	2020-08-04T00:00:00+00:00	2026-10-07T00:00:00+00:00	error	4	2026-10-10T04:29:06.202160+00:00		backfill	error
7	NB	1d	False	False	0	0	3	2013-03-11T00:00:00+00:00	2026-10-07T00:00:00+00:00	error	3	2026-10-10T00:27:20.940446+00:00		backfill	error
8	QCOM	5m	False	True	-1	0	11	2006-06-28T13:30:00+00:00	2026-09-29T19:55:00+00:00	ok	0	2026-09-30T14:30:45.519227+00:00		update	
9	QQQ	5m	False	True	-1	0	11	2006-06-02T13:30:00+00:00	2026-09-29T19:55:00+00:00	ok	0	2026-09-30T14:32:43.596008+00:00		update	
10	R	5m	False	True	-1	0	11	2006-06-30T13:30:00+00:00	2026-09-29T19:55:00+00:00	ok	0	2026-09-30T14:35:43.521923+00:00		update	
11	REGN	5m	False	True	-1	0	11	2006-06-28T13:30:00+00:00	2026-09-29T19:55:00+00:00	ok	0	2026-09-30T14:36:55.408554+00:00		update	
12	RSP	5m	False	True	-1	0	11	2006-06-08T13:40:00+00:00	2026-09-29T19:55:00+00:00	ok	0	2026-09-30T14:41:01.701449+00:00		update	
13	RTX	5m	False	True	-1	0	11	2006-06-30T13:30:00+00:00	2026-09-29T19:55:00+00:00	ok	0	2026-09-30T14:45:31.518360+00:00		update	
14	SHW	5m	False	True	-1	0	11	2006-06-30T13:30:00+00:00	2026-09-29T19:55:00+00:00	ok	0	2026-09-30T14:51:49.519697+00:00		update	
15	SLB	5m	False	True	-1	0	11	2006-06-30T13:30:00+00:00	2026-09-29T19:55:00+00:00	ok	0	2026-09-30T14:54:55.551412+00:00		update	
16	SLV	5m	False	True	-1	0	11	2006-06-06T13:30:00+00:00	2026-09-29T19:55:00+00:00	ok	0	2026-09-30T14:56:43.595966+00:00		update	
17	SO	5m	False	True	-1	0	11	2006-06-30T13:30:00+00:00	2026-09-29T19:55:00+00:00	ok	0	2026-09-30T14:59:50.781510+00:00		gap_fill	
18	SPG	5m	False	True	-1	0	11	2006-06-30T13:30:00+00:00	2026-09-29T19:55:00+00:00	ok	0	2026-09-30T15:01:13.553250+00:00		update	
19	T	5m	False	True	-1	0	11	2006-06-30T13:30:00+00:00	2026-09-29T19:55:00+00:00	ok	0	2026-09-30T15:07:45.573614+00:00		update	
20	THC	5m	False	True	-1	0	11	2006-06-29T13:30:00+00:00	2026-09-29T19:55:00+00:00	ok	0	2026-09-30T15:10:43.488691+00:00		update	
21	TIP	5m	False	True	-1	0	11	2006-06-08T13:35:00+00:00	2026-09-29T19:55:00+00:00	ok	0	2026-09-30T15:12:13.762770+00:00		update	
22	TOL	5m	False	True	-1	0	11	2006-06-30T13:30:00+00:00	2026-09-29T19:55:00+00:00	ok	0	2026-09-30T15:16:19.457370+00:00		update	
23	TRV	5m	False	True	-1	0	11	2007-02-27T14:30:00+00:00	2026-09-29T19:55:00+00:00	ok	0	2026-09-30T15:17:49.554451+00:00		update	
24	TSLA	5m	False	True	-1	0	11	2010-06-29T15:25:00+00:00	2026-09-29T19:55:00+00:00	ok	0	2026-09-30T15:19:43.461591+00:00		update	
25	TSM	5m	False	True	-1	0	11	2006-06-30T13:30:00+00:00	2026-09-29T19:55:00+00:00	ok	0	2026-09-30T15:20:55.655169+00:00		update	
26	UBER	5m	False	True	-1	0	11	2019-05-10T15:50:00+00:00	2026-09-29T19:55:00+00:00	ok	0	2026-09-30T15:22:25.451907+00:00		update	
27	UNH	5m	False	True	-1	0	11	2006-07-05T13:30:00+00:00	2026-09-29T19:55:00+00:00	ok	0	2026-09-30T15:23:51.085330+00:00		update	
28	UNP	5m	False	True	-1	0	11	2006-07-05T13:30:00+00:00	2026-09-29T19:55:00+00:00	ok	0	2026-09-30T15:25:19.523385+00:00		gap_fill	
29	UPS	5m	False	True	-1	0	11	2006-07-05T13:30:00+00:00	2026-09-29T19:55:00+00:00	ok	0	2026-09-30T15:26:49.545150+00:00		gap_fill	
30	URA	5m	False	True	-1	0	11	2010-11-05T13:30:00+00:00	2026-09-29T19:55:00+00:00	ok	0	2026-09-30T15:28:13.465746+00:00		update	
31	USB	5m	False	True	-1	0	11	2006-07-05T13:30:00+00:00	2026-09-29T19:55:00+00:00	ok	0	2026-09-30T15:29:49.532764+00:00		update	
32	USMV	5m	False	True	-1	0	11	2011-10-21T15:15:00+00:00	2026-09-29T19:55:00+00:00	ok	0	2026-09-30T15:31:43.638558+00:00		update	
33	UUP	5m	False	True	-1	0	11	2007-02-20T14:40:00+00:00	2026-09-29T19:55:00+00:00	ok	0	2026-09-30T15:33:07.484779+00:00		update	
34	V	5m	False	True	-1	0	11	2008-03-19T14:10:00+00:00	2026-09-29T19:55:00+00:00	ok	0	2026-09-30T15:34:45.839018+00:00		update	
35	VCR	5m	False	True	-1	0	11	2006-07-05T13:40:00+00:00	2026-09-29T19:55:00+00:00	ok	0	2026-09-30T15:36:25.620046+00:00		update	
36	VDC	5m	False	True	-1	0	11	2006-07-05T13:35:00+00:00	2026-09-29T19:55:00+00:00	ok	0	2026-09-30T15:37:53.442786+00:00		update	
37	VGT	5m	False	True	-1	0	11	2006-07-05T13:50:00+00:00	2026-09-29T19:55:00+00:00	ok	0	2026-09-30T15:39:19.539252+00:00		update	
38	VHT	5m	False	True	-1	0	11	2006-07-05T13:35:00+00:00	2026-09-29T19:55:00+00:00	ok	0	2026-09-30T15:40:49.549703+00:00		update	
39	VNQ	5m	False	True	-1	0	11	2006-06-06T13:30:00+00:00	2026-09-29T19:55:00+00:00	ok	0	2026-09-30T15:42:43.716749+00:00		update	
40	VOX	5m	False	True	-1	0	11	2006-07-05T13:50:00+00:00	2026-09-29T19:55:00+00:00	ok	0	2026-09-30T15:43:55.595561+00:00		update	

3024 candidate series -> /home/bg/dev/indicagent/logs/ibkr_history_fetcher_dryrun_20261010T044411.tsv
  held=current: 1536
  lane=backfill tf=1d due=error: 7
  lane=backfill tf=5m due=-: 1064
  lane=gap_fill tf=5m due=-: 202
  lane=parity tf=15m due=-: 10
  lane=parity tf=1h due=-: 10
  lane=update tf=5m due=-: 195
