symbol,in_compute_eligible,time_et,median_half_spread_bp,sessions
ACRS,0,09:30,216.445,30
ACRS,0,09:35,19.296,30
ACRS,0,09:40,16.434,30
ACRS,0,09:45,16.003,30
ACRS,0,09:50,9.47,30
ACRS,0,09:55,9.497,30
ACRS,0,10:00,9.533,30
ACRS,0,10:05,8.624,30
ACRS,0,10:10,8.432,30
ACRS,0,10:15,8.46,30
ACRS,0,10:20,8.504,30
ACRS,0,10:25,8.503,30
ACRS,0,10:30,8.503,30
ACRS,0,10:35,8.54,30
ACRS,0,10:40,8.54,30
ACRS,0,10:45,8.555,30
ACRS,0,10:50,8.562,30
ACRS,0,10:55,8.554,30
ACRS,0,11:00,8.714,30
ACRS,0,11:05,8.532,30
ACRS,0,11:10,8.54,30
ACRS,0,11:15,8.54,30
ACRS,0,11:20,8.547,30
ACRS,0,11:25,8.525,30
ACRS,0,11:30,8.533,30
ACRS,0,11:35,8.503,30
ACRS,0,11:40,8.511,30
ACRS,0,11:45,8.467,30
ACRS,0,11:50,8.439,30
ACRS,0,11:55,8.453,30
ACRS,0,12:00,8.454,30
ACRS,0,12:05,8.454,30
ACRS,0,12:10,8.557,30
ACRS,0,12:15,8.573,30
ACRS,0,12:20,8.603,30
ACRS,0,12:25,8.603,30
ACRS,0,12:30,8.603,30
ACRS,0,12:35,8.603,30
ACRS,0,12:40,8.603,30
ACRS,0,12:45,8.627,30
ACRS,0,12:50,8.627,30
ACRS,0,12:55,8.588,30
ACRS,0,13:00,8.566,30
ACRS,0,13:05,8.382,29
ACRS,0,13:10,8.396,29
ACRS,0,13:15,8.396,29
ACRS,0,13:20,8.396,29
ACRS,0,13:25,8.41,29
ACRS,0,13:30,8.396,29
ACRS,0,13:35,8.842,29
ACRS,0,13:40,8.382,29
ACRS,0,13:45,8.396,29
ACRS,0,13:50,8.396,29
ACRS,0,13:55,8.396,29
ACRS,0,14:00,8.396,29
ACRS,0,14:05,8.425,29
ACRS,0,14:10,8.425,29
ACRS,0,14:15,8.425,29
ACRS,0,14:20,8.439,29
ACRS,0,14:25,8.425,29
ACRS,0,14:30,8.41,29
ACRS,0,14:35,8.425,29
ACRS,0,14:40,8.425,29
ACRS,0,14:45,8.425,29
ACRS,0,14:50,8.41,29
ACRS,0,14:55,8.453,29
ACRS,0,15:00,8.453,29
ACRS,0,15:05,8.467,29
ACRS,0,15:10,8.467,29
ACRS,0,15:15,8.467,29
ACRS,0,15:20,8.467,29
ACRS,0,15:25,8.467,29
ACRS,0,15:30,8.453,29
ACRS,0,15:35,8.439,29
ACRS,0,15:40,8.425,29
ACRS,0,15:45,8.439,29
ACRS,0,15:50,8.425,29
ACRS,0,15:55,8.425,29
AEP,1,09:30,59.203,30
AEP,1,09:35,7.606,30
AEP,1,09:40,6.108,30
AEP,1,09:45,5.825,30
AEP,1,09:50,3.84,30
AEP,1,09:55,3.958,30
AEP,1,10:00,3.923,30
AEP,1,10:05,3.486,30
AEP,1,10:10,2.894,30
AEP,1,10:15,3.055,30
AEP,1,10:20,3.352,30
AEP,1,10:25,2.973,30
AEP,1,10:30,2.879,30
AEP,1,10:35,2.547,30
AEP,1,10:40,2.777,30
AEP,1,10:45,2.096,30
AEP,1,10:50,2.857,30
AEP,1,10:55,2.421,30
AEP,1,11:00,2.069,30
AEP,1,11:05,2.07,30
AEP,1,11:10,2.487,30
AEP,1,11:15,2.242,30
AEP,1,11:20,2.406,30
AEP,1,11:25,2.037,30
AEP,1,11:30,2.056,30
AEP,1,11:35,2.03,30
AEP,1,11:40,2.065,30
AEP,1,11:45,1.704,30
AEP,1,11:50,2.056,30
AEP,1,11:55,1.991,30
AEP,1,12:00,2.044,30
AEP,1,12:05,2.041,30
AEP,1,12:10,1.677,30
AEP,1,12:15,1.635,30
AEP,1,12:20,1.658,30
AEP,1,12:25,2.034,30
AEP,1,12:30,2.033,30
AEP,1,12:35,2.068,30
AEP,1,12:40,1.988,30
AEP,1,12:45,1.991,30
AEP,1,12:50,1.652,30
AEP,1,12:55,2.004,30
AEP,1,13:00,1.653,30
AEP,1,13:05,1.236,29
AEP,1,13:10,1.638,29
AEP,1,13:15,1.617,29
AEP,1,13:20,1.645,29
AEP,1,13:25,1.663,29
AEP,1,13:30,1.664,29
AEP,1,13:35,1.615,29
AEP,1,13:40,1.637,29
AEP,1,13:45,1.623,29
AEP,1,13:50,1.611,29
AEP,1,13:55,1.614,29
AEP,1,14:00,1.661,29
AEP,1,14:05,1.637,29
AEP,1,14:10,1.626,29
AEP,1,14:15,1.663,29
AEP,1,14:20,1.604,29
AEP,1,14:25,1.583,29
AEP,1,14:30,1.616,29
AEP,1,14:35,1.248,29
AEP,1,14:40,1.584,29
AEP,1,14:45,1.243,29
AEP,1,14:50,1.628,29
AEP,1,14:55,1.237,29
AEP,1,15:00,1.608,29
AEP,1,15:05,1.584,29
AEP,1,15:10,1.586,29
AEP,1,15:15,1.65,29
AEP,1,15:20,1.248,29
AEP,1,15:25,1.224,29
AEP,1,15:30,1.228,29
AEP,1,15:35,1.243,29
AEP,1,15:40,1.265,29
AEP,1,15:45,1.227,29
AEP,1,15:50,1.686,29
AEP,1,15:55,1.667,29
AFL,0,09:30,108.663,30
AFL,0,09:35,10.617,30
AFL,0,09:40,8.153,30
AFL,0,09:45,6.342,30
AFL,0,09:50,5.547,30
AFL,0,09:55,4.519,30
AFL,0,10:00,3.471,30
AFL,0,10:05,4.296,30
AFL,0,10:10,4.524,30
AFL,0,10:15,3.432,30
AFL,0,10:20,3.24,30
AFL,0,10:25,3.43,30
AFL,0,10:30,2.822,30
AFL,0,10:35,3.153,30
AFL,0,10:40,2.391,30
AFL,0,10:45,2.146,30
AFL,0,10:50,2.36,30
AFL,0,10:55,2.167,30
AFL,0,11:00,2.145,30
AFL,0,11:05,2.197,30
AFL,0,11:10,1.903,30
AFL,0,11:15,2.083,30
AFL,0,11:20,2.144,30
AFL,0,11:25,1.75,30
AFL,0,11:30,1.736,30
AFL,0,11:35,1.733,30
AFL,0,11:40,1.708,30
AFL,0,11:45,2.127,30
AFL,0,11:50,1.706,30
AFL,0,11:55,1.722,30
AFL,0,12:00,1.754,30
AFL,0,12:05,1.729,30
AFL,0,12:10,1.724,30
AFL,0,12:15,1.713,30
AFL,0,12:20,1.709,30
AFL,0,12:25,1.713,30
AFL,0,12:30,1.722,30
AFL,0,12:35,1.707,30
AFL,0,12:40,1.674,30
AFL,0,12:45,1.712,30
AFL,0,12:50,1.703,30
AFL,0,12:55,1.715,30
AFL,0,13:00,1.482,30
AFL,0,13:05,1.644,29
AFL,0,13:10,1.696,29
AFL,0,13:15,1.642,29
AFL,0,13:20,1.306,29
AFL,0,13:25,1.303,29
AFL,0,13:30,1.301,29
AFL,0,13:35,1.72,29
AFL,0,13:40,1.682,29
AFL,0,13:45,1.703,29
AFL,0,13:50,1.724,29
AFL,0,13:55,1.319,29
AFL,0,14:00,1.707,29
AFL,0,14:05,1.71,29
AFL,0,14:10,1.3,29
AFL,0,14:15,1.71,29
AFL,0,14:20,1.3,29
AFL,0,14:25,1.292,29
AFL,0,14:30,1.711,29
AFL,0,14:35,1.696,29
AFL,0,14:40,1.287,29
AFL,0,14:45,1.305,29
AFL,0,14:50,1.304,29
AFL,0,14:55,1.298,29
AFL,0,15:00,1.294,29
AFL,0,15:05,1.299,29
AFL,0,15:10,1.313,29
AFL,0,15:15,1.288,29
AFL,0,15:20,1.288,29
AFL,0,15:25,0.87,29
AFL,0,15:30,1.297,29
AFL,0,15:35,1.297,29
AFL,0,15:40,1.274,29
AFL,0,15:45,0.873,29
AFL,0,15:50,1.719,29
AFL,0,15:55,1.289,29
AKTS,0,09:30,488.411,30
AKTS,0,09:35,149.546,30
AKTS,0,09:40,126.282,30
AKTS,0,09:45,90.576,30
AKTS,0,09:50,80.635,30
AKTS,0,09:55,83.864,30
AKTS,0,10:00,92.606,30
AKTS,0,10:05,65.719,30
AKTS,0,10:10,65.839,30
AKTS,0,10:15,63.313,30
AKTS,0,10:20,66.659,30
AKTS,0,10:25,56.978,30
AKTS,0,10:30,62.79,30
AKTS,0,10:35,53.815,30
AKTS,0,10:40,54.602,30
AKTS,0,10:45,54.723,30
AKTS,0,10:50,57.309,30
AKTS,0,10:55,43.731,30
AKTS,0,11:00,45.396,30
AKTS,0,11:05,44.549,30
AKTS,0,11:10,43.602,30
AKTS,0,11:15,39.871,30
AKTS,0,11:20,41.829,30
AKTS,0,11:25,38.843,30
AKTS,0,11:30,37.583,30
AKTS,0,11:35,39.569,30
AKTS,0,11:40,39.947,30
AKTS,0,11:45,36.533,30
AKTS,0,11:50,38.302,30
AKTS,0,11:55,39.505,30
AKTS,0,12:00,41.508,30
AKTS,0,12:05,41.676,30
AKTS,0,12:10,40.312,30
AKTS,0,12:15,40.848,30
AKTS,0,12:20,34.807,30
AKTS,0,12:25,33.924,30
AKTS,0,12:30,36.174,30
AKTS,0,12:35,35.34,30
AKTS,0,12:40,36.517,30
AKTS,0,12:45,36.89,30
AKTS,0,12:50,34.344,30
AKTS,0,12:55,33.333,30
AKTS,0,13:00,28.78,30
AKTS,0,13:05,31.136,29
AKTS,0,13:10,30.211,29
AKTS,0,13:15,30.38,29
AKTS,0,13:20,27.41,29
AKTS,0,13:25,32.349,29
AKTS,0,13:30,32.349,29
AKTS,0,13:35,27.259,29
AKTS,0,13:40,27.259,29
AKTS,0,13:45,23.56,29
AKTS,0,13:50,30.334,29
AKTS,0,13:55,31.692,29
AKTS,0,14:00,34.221,29
AKTS,0,14:05,29.191,29
AKTS,0,14:10,28.564,29
AKTS,0,14:15,33.016,29
AKTS,0,14:20,30.976,29
AKTS,0,14:25,30.371,29
AKTS,0,14:30,27.765,29
AKTS,0,14:35,33.311,29
AKTS,0,14:40,23.148,29
AKTS,0,14:45,26.236,29
AKTS,0,14:50,26.247,29
AKTS,0,14:55,25.218,29
AKTS,0,15:00,27.31,29
AKTS,0,15:05,29.089,29
AKTS,0,15:10,27.157,29
AKTS,0,15:15,25.419,29
AKTS,0,15:20,26.425,29
AKTS,0,15:25,22.667,29
AKTS,0,15:30,26.385,29
AKTS,0,15:35,29.24,29
AKTS,0,15:40,24.029,29
AKTS,0,15:45,21.422,29
AKTS,0,15:50,22.371,29
AKTS,0,15:55,18.744,29
AMD,1,09:30,10.111,30
AMD,1,09:35,4.681,30
AMD,1,09:40,3.717,30
AMD,1,09:45,3.739,30
AMD,1,09:50,3.889,30
AMD,1,09:55,2.891,30
AMD,1,10:00,3.804,30
AMD,1,10:05,3.502,30
AMD,1,10:10,3.373,30
AMD,1,10:15,2.976,30
AMD,1,10:20,2.452,30
AMD,1,10:25,3.192,30
AMD,1,10:30,3.162,30
AMD,1,10:35,2.488,30
AMD,1,10:40,3.027,30
AMD,1,10:45,2.746,30
AMD,1,10:50,2.583,30
AMD,1,10:55,2.572,30
AMD,1,11:00,2.282,30
AMD,1,11:05,2.528,30
AMD,1,11:10,2.549,30
AMD,1,11:15,2.347,30
AMD,1,11:20,2.515,30
AMD,1,11:25,2.521,30
AMD,1,11:30,2.358,30
AMD,1,11:35,2.328,30
AMD,1,11:40,1.964,30
AMD,1,11:45,1.855,30
AMD,1,11:50,2.267,30
AMD,1,11:55,2.411,30
AMD,1,12:00,2.14,30
AMD,1,12:05,2.199,30
AMD,1,12:10,2.139,30
AMD,1,12:15,2.226,30
AMD,1,12:20,2.151,30
AMD,1,12:25,2.28,30
AMD,1,12:30,2.264,30
AMD,1,12:35,2.179,30
AMD,1,12:40,2.265,30
AMD,1,12:45,2.007,30
AMD,1,12:50,2.221,30
AMD,1,12:55,2.094,30
AMD,1,13:00,2.133,30
AMD,1,13:05,1.993,29
AMD,1,13:10,2.142,29
AMD,1,13:15,1.802,29
AMD,1,13:20,2.136,29
AMD,1,13:25,1.992,29
AMD,1,13:30,1.965,29
AMD,1,13:35,1.957,29
AMD,1,13:40,2.041,29
AMD,1,13:45,1.791,29
AMD,1,13:50,1.803,29
AMD,1,13:55,1.923,29
AMD,1,14:00,2.196,29
AMD,1,14:05,2.082,29
AMD,1,14:10,2.064,29
AMD,1,14:15,1.908,29
AMD,1,14:20,1.787,29
AMD,1,14:25,1.836,29
AMD,1,14:30,1.784,29
AMD,1,14:35,1.781,29
AMD,1,14:40,2.017,29
AMD,1,14:45,1.845,29
AMD,1,14:50,1.532,29
AMD,1,14:55,1.678,29
AMD,1,15:00,1.81,29
AMD,1,15:05,1.885,29
AMD,1,15:10,1.92,29
AMD,1,15:15,1.762,29
AMD,1,15:20,1.422,29
AMD,1,15:25,1.647,29
AMD,1,15:30,1.931,29
AMD,1,15:35,1.424,29
AMD,1,15:40,1.392,29
AMD,1,15:45,1.347,29
AMD,1,15:50,1.284,29
AMD,1,15:55,2.013,29
ANRO,0,09:30,328.242,30
ANRO,0,09:35,155.784,30
ANRO,0,09:40,122.41,30
ANRO,0,09:45,94.8,30
ANRO,0,09:50,78.894,30
ANRO,0,09:55,76.499,30
ANRO,0,10:00,64.345,30
ANRO,0,10:05,62.872,30
ANRO,0,10:10,55.9,30
ANRO,0,10:15,56.385,30
ANRO,0,10:20,43.127,30
ANRO,0,10:25,39.494,30
ANRO,0,10:30,39.412,30
ANRO,0,10:35,40.774,30
ANRO,0,10:40,35.194,30
ANRO,0,10:45,43.718,30
ANRO,0,10:50,35.113,30
ANRO,0,10:55,30.871,30
ANRO,0,11:00,28.906,30
ANRO,0,11:05,29.605,30
ANRO,0,11:10,30.724,30
ANRO,0,11:15,31.352,30
ANRO,0,11:20,30.62,30
ANRO,0,11:25,31.55,30
ANRO,0,11:30,26.272,30
ANRO,0,11:35,29.841,30
ANRO,0,11:40,27.866,30
ANRO,0,11:45,30.667,30
ANRO,0,11:50,23.111,30
ANRO,0,11:55,24.486,30
ANRO,0,12:00,23.086,30
ANRO,0,12:05,22.603,30
ANRO,0,12:10,22.675,30
ANRO,0,12:15,21.015,30
ANRO,0,12:20,22.117,30
ANRO,0,12:25,21.751,30
ANRO,0,12:30,18.62,30
ANRO,0,12:35,22.509,30
ANRO,0,12:40,18.664,30
ANRO,0,12:45,21.766,30
ANRO,0,12:50,21.081,30
ANRO,0,12:55,15.613,30
ANRO,0,13:00,16.614,30
ANRO,0,13:05,17.811,29
ANRO,0,13:10,19.157,29
ANRO,0,13:15,22.026,29
ANRO,0,13:20,20.579,29
ANRO,0,13:25,23.69,29
ANRO,0,13:30,22.214,29
ANRO,0,13:35,22.173,29
ANRO,0,13:40,22.624,29
ANRO,0,13:45,19.321,29
ANRO,0,13:50,23.364,29
ANRO,0,13:55,20.596,29
ANRO,0,14:00,19.436,29
ANRO,0,14:05,21.378,29
ANRO,0,14:10,21.357,29
ANRO,0,14:15,19.83,29
ANRO,0,14:20,21.573,29
ANRO,0,14:25,20.807,29
ANRO,0,14:30,17.342,29
ANRO,0,14:35,17.016,29
ANRO,0,14:40,17.884,29
ANRO,0,14:45,16.685,29
ANRO,0,14:50,18.018,29
ANRO,0,14:55,21.329,29
ANRO,0,15:00,19.674,29
ANRO,0,15:05,18.868,29
ANRO,0,15:10,19.635,29
ANRO,0,15:15,16.474,29
ANRO,0,15:20,19.126,29
ANRO,0,15:25,17.718,29
ANRO,0,15:30,17.391,29
ANRO,0,15:35,17.603,29
ANRO,0,15:40,14.158,29
ANRO,0,15:45,15.69,29
ANRO,0,15:50,16.028,29
ANRO,0,15:55,13.191,29
APA,0,09:30,61.961,30
APA,0,09:35,6.638,30
APA,0,09:40,4.67,30
APA,0,09:45,4.617,30
APA,0,09:50,4.027,30
APA,0,09:55,3.391,30
APA,0,10:00,3.405,30
APA,0,10:05,3.339,30
APA,0,10:10,2.349,30
APA,0,10:15,2.898,30
APA,0,10:20,2.267,30
APA,0,10:25,2.265,30
APA,0,10:30,2.286,30
APA,0,10:35,2.307,30
APA,0,10:40,2.186,30
APA,0,10:45,2.194,30
APA,0,10:50,1.182,30
APA,0,10:55,1.191,30
APA,0,11:00,1.201,30
APA,0,11:05,1.186,30
APA,0,11:10,1.189,30
APA,0,11:15,1.169,30
APA,0,11:20,1.695,30
APA,0,11:25,1.187,30
APA,0,11:30,1.195,30
APA,0,11:35,1.66,30
APA,0,11:40,1.173,30
APA,0,11:45,1.168,30
APA,0,11:50,1.178,30
APA,0,11:55,1.167,30
APA,0,12:00,1.153,30
APA,0,12:05,1.154,30
APA,0,12:10,1.153,30
APA,0,12:15,1.169,30
APA,0,12:20,1.166,30
APA,0,12:25,1.166,30
APA,0,12:30,1.176,30
APA,0,12:35,1.147,30
APA,0,12:40,1.16,30
APA,0,12:45,1.171,30
APA,0,12:50,1.163,30
APA,0,12:55,1.164,30
APA,0,13:00,1.163,30
APA,0,13:05,1.161,29
APA,0,13:10,1.15,29
APA,0,13:15,1.164,29
APA,0,13:20,1.16,29
APA,0,13:25,1.159,29
APA,0,13:30,1.199,29
APA,0,13:35,1.157,29
APA,0,13:40,1.14,29
APA,0,13:45,1.139,29
APA,0,13:50,1.147,29
APA,0,13:55,1.147,29
APA,0,14:00,1.165,29
APA,0,14:05,1.154,29
APA,0,14:10,1.153,29
APA,0,14:15,1.145,29
APA,0,14:20,1.167,29
APA,0,14:25,1.147,29
APA,0,14:30,1.146,29
APA,0,14:35,1.157,29
APA,0,14:40,1.169,29
APA,0,14:45,1.149,29
APA,0,14:50,1.145,29
APA,0,14:55,1.145,29
APA,0,15:00,1.166,29
APA,0,15:05,1.172,29
APA,0,15:10,1.144,29
APA,0,15:15,1.141,29
APA,0,15:20,1.141,29
APA,0,15:25,1.145,29
APA,0,15:30,1.142,29
APA,0,15:35,1.146,29
APA,0,15:40,1.147,29
APA,0,15:45,1.146,29
APA,0,15:50,1.168,29
APA,0,15:55,1.148,29
APPS,0,09:30,101.804,30
APPS,0,09:35,33.475,30
APPS,0,09:40,25.565,30
APPS,0,09:45,23.574,30
APPS,0,09:50,20.696,30
APPS,0,09:55,19.359,30
APPS,0,10:00,16.729,30
APPS,0,10:05,15.909,30
APPS,0,10:10,14.124,30
APPS,0,10:15,14.039,30
APPS,0,10:20,17.044,30
APPS,0,10:25,13.954,30
APPS,0,10:30,13.248,30
APPS,0,10:35,13.896,30
APPS,0,10:40,13.021,30
APPS,0,10:45,13.612,30
APPS,0,10:50,9.581,30
APPS,0,10:55,9.771,30
APPS,0,11:00,9.63,30
APPS,0,11:05,9.719,30
APPS,0,11:10,9.247,30
APPS,0,11:15,9.038,30
APPS,0,11:20,9.394,30
APPS,0,11:25,9.333,30
APPS,0,11:30,9.456,30
APPS,0,11:35,9.449,30
APPS,0,11:40,9.238,30
APPS,0,11:45,9.442,30
APPS,0,11:50,9.529,30
APPS,0,11:55,9.242,30
APPS,0,12:00,9.285,30
APPS,0,12:05,9.137,30
APPS,0,12:10,9.458,30
APPS,0,12:15,9.154,30
APPS,0,12:20,8.877,30
APPS,0,12:25,8.796,30
APPS,0,12:30,8.8,30
APPS,0,12:35,9.034,30
APPS,0,12:40,8.823,30
APPS,0,12:45,8.909,30
APPS,0,12:50,8.865,30
APPS,0,12:55,9.221,30
APPS,0,13:00,9.092,30
APPS,0,13:05,9.166,29
APPS,0,13:10,8.78,29
APPS,0,13:15,8.865,29
APPS,0,13:20,8.643,29
APPS,0,13:25,9.083,29
APPS,0,13:30,8.306,29
APPS,0,13:35,9.174,29
APPS,0,13:40,9.141,29
APPS,0,13:45,8.764,29
APPS,0,13:50,8.711,29
APPS,0,13:55,8.985,29
APPS,0,14:00,8.969,29
APPS,0,14:05,8.834,29
APPS,0,14:10,8.658,29
APPS,0,14:15,8.834,29
APPS,0,14:20,8.741,29
APPS,0,14:25,8.905,29
APPS,0,14:30,8.945,29
APPS,0,14:35,8.703,29
APPS,0,14:40,8.718,29
APPS,0,14:45,5.013,29
APPS,0,14:50,8.711,29
APPS,0,14:55,4.751,29
APPS,0,15:00,4.755,29
APPS,0,15:05,5.063,29
APPS,0,15:10,8.993,29
APPS,0,15:15,4.675,29
APPS,0,15:20,4.76,29
APPS,0,15:25,4.623,29
APPS,0,15:30,4.755,29
APPS,0,15:35,8.913,29
APPS,0,15:40,4.742,29
APPS,0,15:45,5.089,29
APPS,0,15:50,4.662,29
APPS,0,15:55,5.003,29
ARTV,0,09:30,142.822,30
ARTV,0,09:35,99.238,30
ARTV,0,09:40,73.868,30
ARTV,0,09:45,72.518,30
ARTV,0,09:50,63.748,30
ARTV,0,09:55,63.967,30
ARTV,0,10:00,60.318,30
ARTV,0,10:05,60.749,30
ARTV,0,10:10,45.424,30
ARTV,0,10:15,43.427,30
ARTV,0,10:20,39.551,30
ARTV,0,10:25,45.126,30
ARTV,0,10:30,39.813,30
ARTV,0,10:35,45.558,30
ARTV,0,10:40,36.658,30
ARTV,0,10:45,29.575,30
ARTV,0,10:50,34.749,30
ARTV,0,10:55,29.864,30
ARTV,0,11:00,27.947,30
ARTV,0,11:05,29.422,30
ARTV,0,11:10,29.089,30
ARTV,0,11:15,33.679,30
ARTV,0,11:20,28.072,30
ARTV,0,11:25,25.577,30
ARTV,0,11:30,30.551,30
ARTV,0,11:35,30.228,30
ARTV,0,11:40,25.176,30
ARTV,0,11:45,26.553,30
ARTV,0,11:50,24.989,30
ARTV,0,11:55,22.854,30
ARTV,0,12:00,23.152,30
ARTV,0,12:05,26.679,30
ARTV,0,12:10,24.209,30
ARTV,0,12:15,20.88,30
ARTV,0,12:20,20.194,30
ARTV,0,12:25,23.308,30
ARTV,0,12:30,22.792,30
ARTV,0,12:35,22.711,30
ARTV,0,12:40,25.269,30
ARTV,0,12:45,24.404,30
ARTV,0,12:50,22.853,30
ARTV,0,12:55,21.887,30
ARTV,0,13:00,21.782,30
ARTV,0,13:05,18.371,29
ARTV,0,13:10,24.48,29
ARTV,0,13:15,22.331,29
ARTV,0,13:20,19.881,29
ARTV,0,13:25,21.322,29
ARTV,0,13:30,18.332,29
ARTV,0,13:35,18.416,29
ARTV,0,13:40,18.382,29
ARTV,0,13:45,17.762,29
ARTV,0,13:50,18.715,29
ARTV,0,13:55,18.904,29
ARTV,0,14:00,21.825,29
ARTV,0,14:05,21.171,29
ARTV,0,14:10,21.171,29
ARTV,0,14:15,18.416,29
ARTV,0,14:20,20.394,29
ARTV,0,14:25,18.149,29
ARTV,0,14:30,19.907,29
ARTV,0,14:35,17.256,29
ARTV,0,14:40,20.982,29
ARTV,0,14:45,18.399,29
ARTV,0,14:50,17.167,29
ARTV,0,14:55,17.637,29
ARTV,0,15:00,18.149,29
ARTV,0,15:05,17.762,29
ARTV,0,15:10,14.32,29
ARTV,0,15:15,18.433,29
ARTV,0,15:20,18.433,29
ARTV,0,15:25,19.589,29
ARTV,0,15:30,19.12,29
ARTV,0,15:35,18.132,29
ARTV,0,15:40,16.949,29
ARTV,0,15:45,21.231,29
ARTV,0,15:50,19.569,29
ARTV,0,15:55,22.925,29
BNY,0,09:30,74.538,30
BNY,0,09:35,16.372,30
BNY,0,09:40,9.711,30
BNY,0,09:45,8.161,30
BNY,0,09:50,7.716,30
BNY,0,09:55,6.013,30
BNY,0,10:00,5.925,30
BNY,0,10:05,5.047,30
BNY,0,10:10,5.272,30
BNY,0,10:15,5.137,30
BNY,0,10:20,4.57,30
BNY,0,10:25,4.305,30
BNY,0,10:30,3.998,30
BNY,0,10:35,4.017,30
BNY,0,10:40,4.338,30
BNY,0,10:45,3.678,30
BNY,0,10:50,3.848,30
BNY,0,10:55,3.795,30
BNY,0,11:00,3.866,30
BNY,0,11:05,3.064,30
BNY,0,11:10,3.351,30
BNY,0,11:15,3.033,30
BNY,0,11:20,3.387,30
BNY,0,11:25,3.054,30
BNY,0,11:30,2.558,30
BNY,0,11:35,3.358,30
BNY,0,11:40,3.362,30
BNY,0,11:45,3.082,30
BNY,0,11:50,3.509,30
BNY,0,11:55,2.52,30
BNY,0,12:00,2.545,30
BNY,0,12:05,3.211,30
BNY,0,12:10,3.077,30
BNY,0,12:15,2.921,30
BNY,0,12:20,2.313,30
BNY,0,12:25,2.706,30
BNY,0,12:30,2.125,30
BNY,0,12:35,2.149,30
BNY,0,12:40,2.449,30
BNY,0,12:45,1.847,30
BNY,0,12:50,2.283,30
BNY,0,12:55,2.454,30
BNY,0,13:00,2.461,30
BNY,0,13:05,2.469,29
BNY,0,13:10,2.273,29
BNY,0,13:15,2.596,29
BNY,0,13:20,2.468,29
BNY,0,13:25,2.193,29
BNY,0,13:30,2.16,29
BNY,0,13:35,2.278,29
BNY,0,13:40,2.291,29
BNY,0,13:45,2.454,29
BNY,0,13:50,2.157,29
BNY,0,13:55,1.967,29
BNY,0,14:00,2.168,29
BNY,0,14:05,2.316,29
BNY,0,14:10,2.0,29
BNY,0,14:15,1.984,29
BNY,0,14:20,2.333,29
BNY,0,14:25,2.163,29
BNY,0,14:30,1.861,29
BNY,0,14:35,2.167,29
BNY,0,14:40,2.152,29
BNY,0,14:45,1.859,29
BNY,0,14:50,2.138,29
BNY,0,14:55,1.833,29
BNY,0,15:00,1.856,29
BNY,0,15:05,2.155,29
BNY,0,15:10,1.851,29
BNY,0,15:15,1.634,29
BNY,0,15:20,1.557,29
BNY,0,15:25,1.853,29
BNY,0,15:30,1.669,29
BNY,0,15:35,1.531,29
BNY,0,15:40,1.543,29
BNY,0,15:45,1.329,29
BNY,0,15:50,2.154,29
BNY,0,15:55,1.539,29
BOW,0,09:30,62.284,30
BOW,0,09:35,6.671,30
BOW,0,09:40,5.917,30
BOW,0,09:45,2.976,30
BOW,0,09:50,2.97,30
BOW,0,09:55,2.964,30
BOW,0,10:00,2.961,30
BOW,0,10:05,2.959,30
BOW,0,10:10,2.963,30
BOW,0,10:15,2.959,30
BOW,0,10:20,2.959,30
BOW,0,10:25,2.961,30
BOW,0,10:30,1.492,30
BOW,0,10:35,2.96,30
BOW,0,10:40,1.491,30
BOW,0,10:45,1.491,30
BOW,0,10:50,1.49,30
BOW,0,10:55,2.957,30
BOW,0,11:00,2.961,30
BOW,0,11:05,1.491,30
BOW,0,11:10,1.488,30
BOW,0,11:15,1.487,30
BOW,0,11:20,1.487,30
BOW,0,11:25,1.487,30
BOW,0,11:30,1.486,30
BOW,0,11:35,1.487,30
BOW,0,11:40,1.488,30
BOW,0,11:45,1.488,30
BOW,0,11:50,1.488,30
BOW,0,11:55,1.487,30
BOW,0,12:00,2.222,30
BOW,0,12:05,1.485,30
BOW,0,12:10,1.485,30
BOW,0,12:15,1.486,30
BOW,0,12:20,1.488,30
BOW,0,12:25,1.488,30
BOW,0,12:30,1.49,30
BOW,0,12:35,1.488,30
BOW,0,12:40,1.486,30
BOW,0,12:45,1.489,30
BOW,0,12:50,1.485,30
BOW,0,12:55,1.486,30
BOW,0,13:00,1.486,30
BOW,0,13:05,1.487,30
BOW,0,13:10,1.487,29
BOW,0,13:15,1.487,29
BOW,0,13:20,1.486,29
BOW,0,13:25,1.489,29
BOW,0,13:30,1.488,29
BOW,0,13:35,1.49,29
BOW,0,13:40,1.488,29
BOW,0,13:45,1.487,29
BOW,0,13:50,1.487,29
BOW,0,13:55,1.486,29
BOW,0,14:00,1.487,29
BOW,0,14:05,1.486,29
BOW,0,14:10,1.487,29
BOW,0,14:15,1.486,29
BOW,0,14:20,1.486,29
BOW,0,14:25,1.486,29
BOW,0,14:30,1.486,29
BOW,0,14:35,1.486,29
BOW,0,14:40,1.486,29
BOW,0,14:45,1.486,29
BOW,0,14:50,1.486,29
BOW,0,14:55,1.486,29
BOW,0,15:00,1.486,29
BOW,0,15:05,1.486,29
BOW,0,15:10,1.486,29
BOW,0,15:15,1.486,29
BOW,0,15:20,1.486,29
BOW,0,15:25,1.486,29
BOW,0,15:30,1.486,29
BOW,0,15:35,1.486,29
BOW,0,15:40,1.486,29
BOW,0,15:45,1.486,29
BOW,0,15:50,1.486,29
BOW,0,15:55,1.486,29
BRBR,0,09:30,271.55,30
BRBR,0,09:35,36.063,30
BRBR,0,09:40,23.922,30
BRBR,0,09:45,19.582,30
BRBR,0,09:50,18.138,30
BRBR,0,09:55,14.425,30
BRBR,0,10:00,12.02,30
BRBR,0,10:05,13.967,30
BRBR,0,10:10,14.151,30
BRBR,0,10:15,10.877,30
BRBR,0,10:20,9.597,30
BRBR,0,10:25,9.408,30
BRBR,0,10:30,9.426,30
BRBR,0,10:35,9.515,30
BRBR,0,10:40,9.43,30
BRBR,0,10:45,9.315,30
BRBR,0,10:50,9.337,30
BRBR,0,10:55,9.247,30
BRBR,0,11:00,6.214,30
BRBR,0,11:05,9.221,30
BRBR,0,11:10,7.926,30
BRBR,0,11:15,5.571,30
BRBR,0,11:20,6.517,30
BRBR,0,11:25,6.232,30
BRBR,0,11:30,5.682,30
BRBR,0,11:35,5.97,30
BRBR,0,11:40,6.534,30
BRBR,0,11:45,5.531,30
BRBR,0,11:50,5.717,30
BRBR,0,11:55,5.987,30
BRBR,0,12:00,5.537,30
BRBR,0,12:05,5.549,30
BRBR,0,12:10,5.562,30
BRBR,0,12:15,6.003,30
BRBR,0,12:20,5.556,30
BRBR,0,12:25,5.556,30
BRBR,0,12:30,5.694,30
BRBR,0,12:35,5.698,30
BRBR,0,12:40,5.552,30
BRBR,0,12:45,5.456,30
BRBR,0,12:50,5.371,30
BRBR,0,12:55,5.501,30
BRBR,0,13:00,5.459,30
BRBR,0,13:05,5.456,30
BRBR,0,13:10,5.345,29
BRBR,0,13:15,5.068,29
BRBR,0,13:20,5.498,29
BRBR,0,13:25,5.491,29
BRBR,0,13:30,5.305,29
BRBR,0,13:35,5.534,29
BRBR,0,13:40,5.438,29
BRBR,0,13:45,5.42,29
BRBR,0,13:50,5.397,29
BRBR,0,13:55,5.546,29
BRBR,0,14:00,5.385,29
BRBR,0,14:05,5.385,29
BRBR,0,14:10,5.426,29
BRBR,0,14:15,5.546,29
BRBR,0,14:20,5.397,29
BRBR,0,14:25,5.391,29
BRBR,0,14:30,5.244,29
BRBR,0,14:35,5.402,29
BRBR,0,14:40,5.288,29
BRBR,0,14:45,5.559,29
BRBR,0,14:50,5.379,29
BRBR,0,14:55,5.391,29
BRBR,0,15:00,5.362,29
BRBR,0,15:05,5.559,29
BRBR,0,15:10,5.51,29
BRBR,0,15:15,5.345,29
BRBR,0,15:20,5.432,29
BRBR,0,15:25,5.498,29
BRBR,0,15:30,5.432,29
BRBR,0,15:35,5.385,29
BRBR,0,15:40,5.473,29
BRBR,0,15:45,5.402,29
BRBR,0,15:50,5.414,29
BRBR,0,15:55,5.105,29
BRO,0,09:30,133.44,30
BRO,0,09:35,25.605,30
BRO,0,09:40,16.662,30
BRO,0,09:45,10.796,30
BRO,0,09:50,9.456,30
BRO,0,09:55,10.024,30
BRO,0,10:00,7.227,30
BRO,0,10:05,8.471,30
BRO,0,10:10,7.765,30
BRO,0,10:15,7.548,30
BRO,0,10:20,5.854,30
BRO,0,10:25,6.691,30
BRO,0,10:30,6.574,30
BRO,0,10:35,5.837,30
BRO,0,10:40,5.538,30
BRO,0,10:45,4.845,30
BRO,0,10:50,4.838,30
BRO,0,10:55,5.111,30
BRO,0,11:00,4.569,30
BRO,0,11:05,3.932,30
BRO,0,11:10,4.811,30
BRO,0,11:15,4.279,30
BRO,0,11:20,4.301,30
BRO,0,11:25,4.08,30
BRO,0,11:30,4.779,30
BRO,0,11:35,4.326,30
BRO,0,11:40,4.222,30
BRO,0,11:45,4.087,30
BRO,0,11:50,3.603,30
BRO,0,11:55,4.09,30
BRO,0,12:00,4.049,30
BRO,0,12:05,4.19,30
BRO,0,12:10,3.721,30
BRO,0,12:15,3.417,30
BRO,0,12:20,3.65,30
BRO,0,12:25,3.922,30
BRO,0,12:30,4.334,30
BRO,0,12:35,3.757,30
BRO,0,12:40,3.95,30
BRO,0,12:45,3.724,30
BRO,0,12:50,3.445,30
BRO,0,12:55,3.451,30
BRO,0,13:00,3.814,30
BRO,0,13:05,3.34,30
BRO,0,13:10,3.501,29
BRO,0,13:15,3.427,29
BRO,0,13:20,3.462,29
BRO,0,13:25,3.08,29
BRO,0,13:30,3.083,29
BRO,0,13:35,3.433,29
BRO,0,13:40,3.322,29
BRO,0,13:45,3.433,29
BRO,0,13:50,3.431,29
BRO,0,13:55,3.823,29
BRO,0,14:00,2.936,29
BRO,0,14:05,3.474,29
BRO,0,14:10,2.785,29
BRO,0,14:15,3.272,29
BRO,0,14:20,2.791,29
BRO,0,14:25,3.411,29
BRO,0,14:30,2.761,29
BRO,0,14:35,2.996,29
BRO,0,14:40,3.272,29
BRO,0,14:45,2.697,29
BRO,0,14:50,3.016,29
BRO,0,14:55,2.487,29
BRO,0,15:00,3.018,29
BRO,0,15:05,2.761,29
BRO,0,15:10,2.266,29
BRO,0,15:15,2.746,29
BRO,0,15:20,2.759,29
BRO,0,15:25,2.761,29
BRO,0,15:30,2.263,29
BRO,0,15:35,2.759,29
BRO,0,15:40,2.491,29
BRO,0,15:45,2.482,29
BRO,0,15:50,2.769,29
BRO,0,15:55,2.276,29
CCBG,0,09:30,1404.042,30
CCBG,0,09:35,316.536,30
CCBG,0,09:40,149.807,30
CCBG,0,09:45,110.851,30
CCBG,0,09:50,114.207,30
CCBG,0,09:55,106.597,30
CCBG,0,10:00,88.677,30
CCBG,0,10:05,80.571,30
CCBG,0,10:10,77.154,30
CCBG,0,10:15,68.182,30
CCBG,0,10:20,71.507,30
CCBG,0,10:25,65.505,30
CCBG,0,10:30,61.115,30
CCBG,0,10:35,63.392,30
CCBG,0,10:40,48.015,30
CCBG,0,10:45,44.97,30
CCBG,0,10:50,39.696,30
CCBG,0,10:55,39.72,30
CCBG,0,11:00,32.472,30
CCBG,0,11:05,31.352,30
CCBG,0,11:10,29.162,30
CCBG,0,11:15,33.802,30
CCBG,0,11:20,31.614,30
CCBG,0,11:25,31.456,30
CCBG,0,11:30,29.421,30
CCBG,0,11:35,28.136,30
CCBG,0,11:40,25.371,30
CCBG,0,11:45,22.768,30
CCBG,0,11:50,22.453,30
CCBG,0,11:55,22.447,30
CCBG,0,12:00,22.479,30
CCBG,0,12:05,21.929,30
CCBG,0,12:10,21.501,30
CCBG,0,12:15,19.227,30
CCBG,0,12:20,18.958,30
CCBG,0,12:25,17.852,30
CCBG,0,12:30,16.734,30
CCBG,0,12:35,18.648,30
CCBG,0,12:40,18.251,30
CCBG,0,12:45,19.303,30
CCBG,0,12:50,17.709,30
CCBG,0,12:55,18.753,30
CCBG,0,13:00,22.892,30
CCBG,0,13:05,22.172,30
CCBG,0,13:10,21.96,29
CCBG,0,13:15,19.673,29
CCBG,0,13:20,19.14,29
CCBG,0,13:25,18.968,29
CCBG,0,13:30,19.516,29
CCBG,0,13:35,18.968,29
CCBG,0,13:40,17.95,29
CCBG,0,13:45,17.925,29
CCBG,0,13:50,18.968,29
CCBG,0,13:55,19.814,29
CCBG,0,14:00,19.581,29
CCBG,0,14:05,18.692,29
CCBG,0,14:10,18.968,29
CCBG,0,14:15,18.892,29
CCBG,0,14:20,18.911,29
CCBG,0,14:25,20.562,29
CCBG,0,14:30,19.205,29
CCBG,0,14:35,18.513,29
CCBG,0,14:40,16.619,29
CCBG,0,14:45,16.471,29
CCBG,0,14:50,15.215,29
CCBG,0,14:55,15.588,29
CCBG,0,15:00,14.176,29
CCBG,0,15:05,15.64,29
CCBG,0,15:10,15.171,29
CCBG,0,15:15,16.247,29
CCBG,0,15:20,15.507,29
CCBG,0,15:25,14.936,29
CCBG,0,15:30,16.954,29
CCBG,0,15:35,16.071,29
CCBG,0,15:40,16.904,29
CCBG,0,15:45,16.158,29
CCBG,0,15:50,17.053,29
CCBG,0,15:55,19.444,29
CFG,0,09:30,87.526,30
CFG,0,09:35,7.768,30
CFG,0,09:40,4.975,30
CFG,0,09:45,4.242,30
CFG,0,09:50,3.673,30
CFG,0,09:55,2.897,30
CFG,0,10:00,2.94,30
CFG,0,10:05,2.853,30
CFG,0,10:10,2.319,30
CFG,0,10:15,2.315,30
CFG,0,10:20,2.318,30
CFG,0,10:25,2.233,30
CFG,0,10:30,2.249,30
CFG,0,10:35,2.247,30
CFG,0,10:40,2.163,30
CFG,0,10:45,2.25,30
CFG,0,10:50,2.195,30
CFG,0,10:55,2.125,30
CFG,0,11:00,1.559,30
CFG,0,11:05,2.139,30
CFG,0,11:10,2.145,30
CFG,0,11:15,2.139,30
CFG,0,11:20,1.507,30
CFG,0,11:25,2.133,30
CFG,0,11:30,1.539,30
CFG,0,11:35,1.471,30
CFG,0,11:40,1.847,30
CFG,0,11:45,2.13,30
CFG,0,11:50,1.803,30
CFG,0,11:55,1.45,30
CFG,0,12:00,1.809,30
CFG,0,12:05,1.554,30
CFG,0,12:10,1.846,30
CFG,0,12:15,1.449,30
CFG,0,12:20,1.833,30
CFG,0,12:25,2.118,30
CFG,0,12:30,1.509,30
CFG,0,12:35,1.464,30
CFG,0,12:40,1.432,30
CFG,0,12:45,1.433,30
CFG,0,12:50,1.434,30
CFG,0,12:55,1.513,30
CFG,0,13:00,1.435,30
CFG,0,13:05,1.429,30
CFG,0,13:10,1.455,29
CFG,0,13:15,1.482,29
CFG,0,13:20,1.452,29
CFG,0,13:25,1.446,29
CFG,0,13:30,1.434,29
CFG,0,13:35,1.433,29
CFG,0,13:40,1.497,29
CFG,0,13:45,1.429,29
CFG,0,13:50,1.455,29
CFG,0,13:55,1.478,29
CFG,0,14:00,1.446,29
CFG,0,14:05,1.433,29
CFG,0,14:10,1.458,29
CFG,0,14:15,1.433,29
CFG,0,14:20,1.482,29
CFG,0,14:25,1.434,29
CFG,0,14:30,1.42,29
CFG,0,14:35,1.427,29
CFG,0,14:40,1.404,29
CFG,0,14:45,1.427,29
CFG,0,14:50,1.42,29
CFG,0,14:55,1.409,29
CFG,0,15:00,1.433,29
CFG,0,15:05,1.445,29
CFG,0,15:10,1.456,29
CFG,0,15:15,1.425,29
CFG,0,15:20,1.424,29
CFG,0,15:25,0.77,29
CFG,0,15:30,1.426,29
CFG,0,15:35,1.357,29
CFG,0,15:40,0.759,29
CFG,0,15:45,0.769,29
CFG,0,15:50,1.438,29
CFG,0,15:55,1.431,29
CHRW,0,09:30,239.023,30
CHRW,0,09:35,37.975,30
CHRW,0,09:40,28.187,30
CHRW,0,09:45,19.058,30
CHRW,0,09:50,17.168,30
CHRW,0,09:55,16.4,30
CHRW,0,10:00,12.967,30
CHRW,0,10:05,10.725,30
CHRW,0,10:10,11.366,30
CHRW,0,10:15,11.373,30
CHRW,0,10:20,8.836,30
CHRW,0,10:25,11.031,30
CHRW,0,10:30,10.138,30
CHRW,0,10:35,8.954,30
CHRW,0,10:40,7.741,30
CHRW,0,10:45,7.661,30
CHRW,0,10:50,8.643,30
CHRW,0,10:55,8.916,30
CHRW,0,11:00,8.078,30
CHRW,0,11:05,6.313,30
CHRW,0,11:10,8.877,30
CHRW,0,11:15,6.742,30
CHRW,0,11:20,7.261,30
CHRW,0,11:25,7.112,30
CHRW,0,11:30,7.423,30
CHRW,0,11:35,6.46,30
CHRW,0,11:40,7.443,30
CHRW,0,11:45,6.768,30
CHRW,0,11:50,6.18,30
CHRW,0,11:55,6.597,30
CHRW,0,12:00,7.18,30
CHRW,0,12:05,6.591,30
CHRW,0,12:10,6.713,30
CHRW,0,12:15,5.683,30
CHRW,0,12:20,6.85,30
CHRW,0,12:25,6.818,30
CHRW,0,12:30,5.835,30
CHRW,0,12:35,5.896,30
CHRW,0,12:40,5.561,30
CHRW,0,12:45,5.477,30
CHRW,0,12:50,5.705,30
CHRW,0,12:55,5.537,30
CHRW,0,13:00,5.903,30
CHRW,0,13:05,5.937,30
CHRW,0,13:10,5.983,29
CHRW,0,13:15,5.132,29
CHRW,0,13:20,5.114,29
CHRW,0,13:25,5.602,29
CHRW,0,13:30,5.518,29
CHRW,0,13:35,5.91,29
CHRW,0,13:40,4.572,29
CHRW,0,13:45,4.644,29
CHRW,0,13:50,4.639,29
CHRW,0,13:55,4.934,29
CHRW,0,14:00,5.745,29
CHRW,0,14:05,5.401,29
CHRW,0,14:10,4.768,29
CHRW,0,14:15,4.626,29
CHRW,0,14:20,5.126,29
CHRW,0,14:25,4.299,29
CHRW,0,14:30,5.555,29
CHRW,0,14:35,4.751,29
CHRW,0,14:40,4.598,29
CHRW,0,14:45,4.881,29
CHRW,0,14:50,4.439,29
CHRW,0,14:55,5.221,29
CHRW,0,15:00,4.442,29
CHRW,0,15:05,4.315,29
CHRW,0,15:10,5.315,29
CHRW,0,15:15,4.115,29
CHRW,0,15:20,3.989,29
CHRW,0,15:25,4.643,29
CHRW,0,15:30,3.63,29
CHRW,0,15:35,3.975,29
CHRW,0,15:40,3.388,29
CHRW,0,15:45,3.819,29
CHRW,0,15:50,4.164,29
CHRW,0,15:55,4.56,29
CNC,0,09:30,81.444,30
CNC,0,09:35,20.723,30
CNC,0,09:40,12.894,30
CNC,0,09:45,10.08,30
CNC,0,09:50,9.423,30
CNC,0,09:55,7.684,30
CNC,0,10:00,8.143,30
CNC,0,10:05,7.111,30
CNC,0,10:10,7.235,30
CNC,0,10:15,6.426,30
CNC,0,10:20,5.402,30
CNC,0,10:25,5.464,30
CNC,0,10:30,4.952,30
CNC,0,10:35,4.783,30
CNC,0,10:40,5.286,30
CNC,0,10:45,4.488,30
CNC,0,10:50,4.666,30
CNC,0,10:55,3.823,30
CNC,0,11:00,4.584,30
CNC,0,11:05,4.222,30
CNC,0,11:10,4.733,30
CNC,0,11:15,4.104,30
CNC,0,11:20,4.576,30
CNC,0,11:25,3.897,30
CNC,0,11:30,3.938,30
CNC,0,11:35,3.466,30
CNC,0,11:40,3.847,30
CNC,0,11:45,3.801,30
CNC,0,11:50,3.462,30
CNC,0,11:55,3.817,30
CNC,0,12:00,3.808,30
CNC,0,12:05,3.097,30
CNC,0,12:10,3.853,30
CNC,0,12:15,3.762,30
CNC,0,12:20,3.173,30
CNC,0,12:25,3.138,30
CNC,0,12:30,3.081,30
CNC,0,12:35,3.455,30
CNC,0,12:40,3.118,30
CNC,0,12:45,3.099,30
CNC,0,12:50,2.967,30
CNC,0,12:55,3.024,30
CNC,0,13:00,2.418,30
CNC,0,13:05,3.021,30
CNC,0,13:10,3.208,29
CNC,0,13:15,3.04,29
CNC,0,13:20,3.081,29
CNC,0,13:25,2.419,29
CNC,0,13:30,3.083,29
CNC,0,13:35,3.108,29
CNC,0,13:40,3.085,29
CNC,0,13:45,3.029,29
CNC,0,13:50,3.068,29
CNC,0,13:55,2.965,29
CNC,0,14:00,3.069,29
CNC,0,14:05,3.195,29
CNC,0,14:10,2.985,29
CNC,0,14:15,3.04,29
CNC,0,14:20,3.064,29
CNC,0,14:25,2.939,29
CNC,0,14:30,2.94,29
CNC,0,14:35,2.299,29
CNC,0,14:40,2.333,29
CNC,0,14:45,2.335,29
CNC,0,14:50,2.403,29
CNC,0,14:55,2.406,29
CNC,0,15:00,2.337,29
CNC,0,15:05,2.412,29
CNC,0,15:10,2.408,29
CNC,0,15:15,2.299,29
CNC,0,15:20,2.967,29
CNC,0,15:25,2.315,29
CNC,0,15:30,2.369,29
CNC,0,15:35,2.222,29
CNC,0,15:40,2.282,29
CNC,0,15:45,2.223,29
CNC,0,15:50,2.423,29
CNC,0,15:55,1.617,29
COF,0,09:30,71.731,30
COF,0,09:35,11.854,30
COF,0,09:40,11.218,30
COF,0,09:45,8.371,30
COF,0,09:50,6.828,30
COF,0,09:55,6.227,30
COF,0,10:00,6.217,30
COF,0,10:05,5.503,30
COF,0,10:10,7.635,30
COF,0,10:15,4.746,30
COF,0,10:20,5.483,30
COF,0,10:25,5.866,30
COF,0,10:30,5.963,30
COF,0,10:35,4.961,30
COF,0,10:40,5.631,30
COF,0,10:45,4.03,30
COF,0,10:50,4.582,30
COF,0,10:55,3.962,30
COF,0,11:00,4.706,30
COF,0,11:05,5.042,30
COF,0,11:10,4.362,30
COF,0,11:15,4.414,30
COF,0,11:20,3.913,30
COF,0,11:25,3.105,30
COF,0,11:30,3.486,30
COF,0,11:35,3.806,30
COF,0,11:40,3.744,30
COF,0,11:45,4.003,30
COF,0,11:50,4.614,30
COF,0,11:55,4.732,30
COF,0,12:00,4.352,30
COF,0,12:05,3.384,30
COF,0,12:10,3.139,30
COF,0,12:15,2.854,30
COF,0,12:20,3.224,30
COF,0,12:25,3.427,30
COF,0,12:30,3.024,30
COF,0,12:35,3.132,30
COF,0,12:40,3.267,30
COF,0,12:45,3.423,30
COF,0,12:50,3.959,30
COF,0,12:55,2.939,30
COF,0,13:00,4.019,30
COF,0,13:05,3.975,30
COF,0,13:10,3.632,29
COF,0,13:15,3.446,29
COF,0,13:20,3.51,29
COF,0,13:25,3.138,29
COF,0,13:30,3.006,29
COF,0,13:35,3.683,29
COF,0,13:40,3.225,29
COF,0,13:45,2.26,29
COF,0,13:50,3.151,29
COF,0,13:55,2.598,29
COF,0,14:00,2.322,29
COF,0,14:05,3.716,29
COF,0,14:10,2.975,29
COF,0,14:15,2.471,29
COF,0,14:20,2.358,29
COF,0,14:25,2.233,29
COF,0,14:30,2.482,29
COF,0,14:35,2.696,29
COF,0,14:40,2.308,29
COF,0,14:45,2.639,29
COF,0,14:50,2.879,29
COF,0,14:55,2.695,29
COF,0,15:00,2.662,29
COF,0,15:05,2.91,29
COF,0,15:10,2.765,29
COF,0,15:15,2.313,29
COF,0,15:20,2.508,29
COF,0,15:25,2.534,29
COF,0,15:30,2.078,29
COF,0,15:35,1.81,29
COF,0,15:40,2.079,29
COF,0,15:45,2.039,29
COF,0,15:50,2.558,29
COF,0,15:55,1.942,29
CTVA,1,09:30,82.909,30
CTVA,1,09:35,16.605,30
CTVA,1,09:40,11.724,30
CTVA,1,09:45,7.541,30
CTVA,1,09:50,7.877,30
CTVA,1,09:55,7.37,30
CTVA,1,10:00,7.729,30
CTVA,1,10:05,6.192,30
CTVA,1,10:10,6.484,30
CTVA,1,10:15,6.201,30
CTVA,1,10:20,5.494,30
CTVA,1,10:25,4.127,30
CTVA,1,10:30,4.898,30
CTVA,1,10:35,3.577,30
CTVA,1,10:40,4.548,30
CTVA,1,10:45,4.369,30
CTVA,1,10:50,4.105,30
CTVA,1,10:55,3.739,30
CTVA,1,11:00,3.389,30
CTVA,1,11:05,3.853,30
CTVA,1,11:10,3.55,30
CTVA,1,11:15,3.505,30
CTVA,1,11:20,3.069,30
CTVA,1,11:25,3.675,30
CTVA,1,11:30,2.95,30
CTVA,1,11:35,3.572,30
CTVA,1,11:40,3.504,30
CTVA,1,11:45,3.311,30
CTVA,1,11:50,2.717,30
CTVA,1,11:55,2.554,30
CTVA,1,12:00,2.986,30
CTVA,1,12:05,3.626,30
CTVA,1,12:10,3.684,30
CTVA,1,12:15,3.141,30
CTVA,1,12:20,3.248,30
CTVA,1,12:25,3.128,30
CTVA,1,12:30,3.753,30
CTVA,1,12:35,3.086,30
CTVA,1,12:40,2.981,30
CTVA,1,12:45,2.959,30
CTVA,1,12:50,3.313,30
CTVA,1,12:55,3.407,30
CTVA,1,13:00,2.707,30
CTVA,1,13:05,2.924,30
CTVA,1,13:10,2.916,29
CTVA,1,13:15,2.931,29
CTVA,1,13:20,3.133,29
CTVA,1,13:25,3.02,29
CTVA,1,13:30,2.403,29
CTVA,1,13:35,2.529,29
CTVA,1,13:40,2.567,29
CTVA,1,13:45,3.009,29
CTVA,1,13:50,2.361,29
CTVA,1,13:55,3.012,29
CTVA,1,14:00,2.407,29
CTVA,1,14:05,2.567,29
CTVA,1,14:10,2.905,29
CTVA,1,14:15,2.433,29
CTVA,1,14:20,2.362,29
CTVA,1,14:25,2.431,29
CTVA,1,14:30,1.868,29
CTVA,1,14:35,2.407,29
CTVA,1,14:40,2.431,29
CTVA,1,14:45,2.406,29
CTVA,1,14:50,2.33,29
CTVA,1,14:55,1.924,29
CTVA,1,15:00,2.453,29
CTVA,1,15:05,2.456,29
CTVA,1,15:10,2.458,29
CTVA,1,15:15,2.402,29
CTVA,1,15:20,1.796,29
CTVA,1,15:25,1.92,29
CTVA,1,15:30,2.497,29
CTVA,1,15:35,1.891,29
CTVA,1,15:40,1.773,29
CTVA,1,15:45,1.808,29
CTVA,1,15:50,1.836,29
CTVA,1,15:55,1.258,29
DBC,1,09:30,10.799,30
DBC,1,09:35,1.576,30
DBC,1,09:40,1.554,30
DBC,1,09:45,1.562,30
DBC,1,09:50,1.544,30
DBC,1,09:55,1.553,30
DBC,1,10:00,1.593,30
DBC,1,10:05,1.551,30
DBC,1,10:10,1.55,30
DBC,1,10:15,1.55,30
DBC,1,10:20,1.56,30
DBC,1,10:25,1.542,30
DBC,1,10:30,1.564,30
DBC,1,10:35,1.552,30
DBC,1,10:40,1.552,30
DBC,1,10:45,1.552,30
DBC,1,10:50,1.552,30
DBC,1,10:55,1.552,30
DBC,1,11:00,1.552,30
DBC,1,11:05,1.551,30
DBC,1,11:10,1.55,30
DBC,1,11:15,1.555,30
DBC,1,11:20,1.542,30
DBC,1,11:25,1.555,30
DBC,1,11:30,1.541,30
DBC,1,11:35,1.557,30
DBC,1,11:40,1.551,30
DBC,1,11:45,1.551,30
DBC,1,11:50,1.553,30
DBC,1,11:55,1.553,30
DBC,1,12:00,1.553,30
DBC,1,12:05,1.554,30
DBC,1,12:10,1.546,30
DBC,1,12:15,1.554,30
DBC,1,12:20,1.554,30
DBC,1,12:25,1.554,30
DBC,1,12:30,1.559,30
DBC,1,12:35,1.554,30
DBC,1,12:40,1.554,30
DBC,1,12:45,1.553,30
DBC,1,12:50,1.553,30
DBC,1,12:55,1.554,30
DBC,1,13:00,1.546,30
DBC,1,13:05,1.554,30
DBC,1,13:10,1.554,29
DBC,1,13:15,1.555,29
DBC,1,13:20,1.561,29
DBC,1,13:25,1.555,29
DBC,1,13:30,1.561,29
DBC,1,13:35,1.555,29
DBC,1,13:40,1.555,29
DBC,1,13:45,1.555,29
DBC,1,13:50,1.554,29
DBC,1,13:55,1.563,29
DBC,1,14:00,1.564,29
DBC,1,14:05,1.553,29
DBC,1,14:10,1.553,29
DBC,1,14:15,1.564,29
DBC,1,14:20,1.549,29
DBC,1,14:25,1.547,29
DBC,1,14:30,1.547,29
DBC,1,14:35,1.549,29
DBC,1,14:40,1.548,29
DBC,1,14:45,1.548,29
DBC,1,14:50,1.545,29
DBC,1,14:55,1.543,29
DBC,1,15:00,1.544,29
DBC,1,15:05,1.543,29
DBC,1,15:10,1.543,29
DBC,1,15:15,1.544,29
DBC,1,15:20,1.544,29
DBC,1,15:25,1.544,29
DBC,1,15:30,1.544,29
DBC,1,15:35,1.546,29
DBC,1,15:40,1.546,29
DBC,1,15:45,1.545,29
DBC,1,15:50,1.567,29
DBC,1,15:55,1.544,29
DOCS,1,09:30,98.765,30
DOCS,1,09:35,25.125,30
DOCS,1,09:40,15.114,30
DOCS,1,09:45,11.492,30
DOCS,1,09:50,11.163,30
DOCS,1,09:55,9.868,30
DOCS,1,10:00,9.439,30
DOCS,1,10:05,9.439,30
DOCS,1,10:10,7.679,30
DOCS,1,10:15,7.666,30
DOCS,1,10:20,7.7,30
DOCS,1,10:25,5.998,30
DOCS,1,10:30,5.932,30
DOCS,1,10:35,7.7,30
DOCS,1,10:40,5.819,30
DOCS,1,10:45,5.679,30
DOCS,1,10:50,5.762,30
DOCS,1,10:55,5.687,30
DOCS,1,11:00,5.707,30
DOCS,1,11:05,5.663,30
DOCS,1,11:10,3.968,30
DOCS,1,11:15,4.741,30
DOCS,1,11:20,3.866,30
DOCS,1,11:25,3.96,30
DOCS,1,11:30,3.893,30
DOCS,1,11:35,3.837,30
DOCS,1,11:40,4.005,30
DOCS,1,11:45,3.854,30
DOCS,1,11:50,3.779,30
DOCS,1,11:55,3.889,30
DOCS,1,12:00,3.836,30
DOCS,1,12:05,3.843,30
DOCS,1,12:10,3.775,30
DOCS,1,12:15,2.882,30
DOCS,1,12:20,3.851,30
DOCS,1,12:25,3.781,30
DOCS,1,12:30,3.78,30
DOCS,1,12:35,2.006,30
DOCS,1,12:40,3.787,30
DOCS,1,12:45,3.761,30
DOCS,1,12:50,2.03,30
DOCS,1,12:55,3.766,30
DOCS,1,13:00,2.03,30
DOCS,1,13:05,3.783,30
DOCS,1,13:10,3.828,29
DOCS,1,13:15,3.741,29
DOCS,1,13:20,2.059,29
DOCS,1,13:25,1.998,29
DOCS,1,13:30,2.007,29
DOCS,1,13:35,3.734,29
DOCS,1,13:40,2.023,29
DOCS,1,13:45,1.97,29
DOCS,1,13:50,1.972,29
DOCS,1,13:55,1.992,29
DOCS,1,14:00,1.992,29
DOCS,1,14:05,2.059,29
DOCS,1,14:10,2.013,29
DOCS,1,14:15,2.057,29
DOCS,1,14:20,3.723,29
DOCS,1,14:25,1.988,29
DOCS,1,14:30,2.003,29
DOCS,1,14:35,2.023,29
DOCS,1,14:40,2.004,29
DOCS,1,14:45,1.981,29
DOCS,1,14:50,2.055,29
DOCS,1,14:55,2.041,29
DOCS,1,15:00,2.018,29
DOCS,1,15:05,2.023,29
DOCS,1,15:10,1.951,29
DOCS,1,15:15,1.976,29
DOCS,1,15:20,1.971,29
DOCS,1,15:25,1.999,29
DOCS,1,15:30,2.005,29
DOCS,1,15:35,1.95,29
DOCS,1,15:40,1.954,29
DOCS,1,15:45,1.96,29
DOCS,1,15:50,1.955,29
DOCS,1,15:55,1.949,29
DRI,0,09:30,238.611,30
DRI,0,09:35,34.107,30
DRI,0,09:40,23.457,30
DRI,0,09:45,18.454,30
DRI,0,09:50,11.867,30
DRI,0,09:55,11.391,30
DRI,0,10:00,10.267,30
DRI,0,10:05,10.911,30
DRI,0,10:10,11.304,30
DRI,0,10:15,10.069,30
DRI,0,10:20,10.213,30
DRI,0,10:25,9.026,30
DRI,0,10:30,9.272,30
DRI,0,10:35,9.899,30
DRI,0,10:40,9.042,30
DRI,0,10:45,8.263,30
DRI,0,10:50,8.067,30
DRI,0,10:55,7.564,30
DRI,0,11:00,7.529,30
DRI,0,11:05,6.553,30
DRI,0,11:10,7.615,30
DRI,0,11:15,7.178,30
DRI,0,11:20,7.951,30
DRI,0,11:25,6.983,30
DRI,0,11:30,6.543,30
DRI,0,11:35,7.157,30
DRI,0,11:40,5.712,30
DRI,0,11:45,5.941,30
DRI,0,11:50,5.914,30
DRI,0,11:55,6.305,30
DRI,0,12:00,6.685,30
DRI,0,12:05,6.282,30
DRI,0,12:10,6.422,30
DRI,0,12:15,6.938,30
DRI,0,12:20,6.328,30
DRI,0,12:25,6.133,30
DRI,0,12:30,6.575,30
DRI,0,12:35,5.951,30
DRI,0,12:40,6.016,30
DRI,0,12:45,5.312,30
DRI,0,12:50,6.19,30
DRI,0,12:55,5.598,30
DRI,0,13:00,5.547,30
DRI,0,13:05,5.982,30
DRI,0,13:10,5.705,29
DRI,0,13:15,6.745,29
DRI,0,13:20,5.354,29
DRI,0,13:25,5.635,29
DRI,0,13:30,6.354,29
DRI,0,13:35,5.444,29
DRI,0,13:40,5.693,29
DRI,0,13:45,4.614,29
DRI,0,13:50,6.135,29
DRI,0,13:55,5.209,29
DRI,0,14:00,4.945,29
DRI,0,14:05,5.801,29
DRI,0,14:10,5.644,29
DRI,0,14:15,6.009,29
DRI,0,14:20,5.05,29
DRI,0,14:25,5.046,29
DRI,0,14:30,5.29,29
DRI,0,14:35,5.754,29
DRI,0,14:40,5.077,29
DRI,0,14:45,4.729,29
DRI,0,14:50,5.095,29
DRI,0,14:55,4.515,29
DRI,0,15:00,5.35,29
DRI,0,15:05,4.982,29
DRI,0,15:10,5.192,29
DRI,0,15:15,5.025,29
DRI,0,15:20,5.055,29
DRI,0,15:25,4.787,29
DRI,0,15:30,4.493,29
DRI,0,15:35,4.733,29
DRI,0,15:40,3.139,29
DRI,0,15:45,4.061,29
DRI,0,15:50,4.332,29
DRI,0,15:55,3.941,29
DTE,0,09:30,101.594,30
DTE,0,09:35,21.201,30
DTE,0,09:40,13.177,30
DTE,0,09:45,8.953,30
DTE,0,09:50,10.255,30
DTE,0,09:55,8.736,30
DTE,0,10:00,8.736,30
DTE,0,10:05,8.282,30
DTE,0,10:10,6.972,30
DTE,0,10:15,6.815,30
DTE,0,10:20,7.482,30
DTE,0,10:25,6.9,30
DTE,0,10:30,6.182,30
DTE,0,10:35,6.416,30
DTE,0,10:40,6.149,30
DTE,0,10:45,5.552,30
DTE,0,10:50,5.51,30
DTE,0,10:55,5.999,30
DTE,0,11:00,5.714,30
DTE,0,11:05,5.507,30
DTE,0,11:10,5.204,30
DTE,0,11:15,5.465,30
DTE,0,11:20,5.307,30
DTE,0,11:25,5.154,30
DTE,0,11:30,5.348,30
DTE,0,11:35,4.338,30
DTE,0,11:40,3.313,30
DTE,0,11:45,4.557,30
DTE,0,11:50,5.124,30
DTE,0,11:55,4.272,30
DTE,0,12:00,3.956,30
DTE,0,12:05,4.331,30
DTE,0,12:10,4.577,30
DTE,0,12:15,4.405,30
DTE,0,12:20,4.099,30
DTE,0,12:25,4.291,30
DTE,0,12:30,4.273,30
DTE,0,12:35,4.316,30
DTE,0,12:40,4.226,30
DTE,0,12:45,3.623,30
DTE,0,12:50,3.358,30
DTE,0,12:55,4.288,30
DTE,0,13:00,3.987,30
DTE,0,13:05,3.758,30
DTE,0,13:10,3.447,29
DTE,0,13:15,3.667,29
DTE,0,13:20,3.046,29
DTE,0,13:25,3.332,29
DTE,0,13:30,3.16,29
DTE,0,13:35,3.678,29
DTE,0,13:40,3.612,29
DTE,0,13:45,3.644,29
DTE,0,13:50,3.173,29
DTE,0,13:55,3.191,29
DTE,0,14:00,3.307,29
DTE,0,14:05,3.286,29
DTE,0,14:10,3.062,29
DTE,0,14:15,3.637,29
DTE,0,14:20,3.198,29
DTE,0,14:25,3.626,29
DTE,0,14:30,3.056,29
DTE,0,14:35,2.781,29
DTE,0,14:40,2.941,29
DTE,0,14:45,3.061,29
DTE,0,14:50,3.303,29
DTE,0,14:55,2.941,29
DTE,0,15:00,2.582,29
DTE,0,15:05,3.224,29
DTE,0,15:10,3.064,29
DTE,0,15:15,2.854,29
DTE,0,15:20,2.691,29
DTE,0,15:25,2.21,29
DTE,0,15:30,2.378,29
DTE,0,15:35,2.547,29
DTE,0,15:40,2.493,29
DTE,0,15:45,2.226,29
DTE,0,15:50,3.071,29
DTE,0,15:55,2.382,29
ECVT,0,09:30,304.22,30
ECVT,0,09:35,34.065,30
ECVT,0,09:40,22.219,30
ECVT,0,09:45,15.048,30
ECVT,0,09:50,9.951,30
ECVT,0,09:55,9.818,30
ECVT,0,10:00,9.742,30
ECVT,0,10:05,4.907,30
ECVT,0,10:10,4.933,30
ECVT,0,10:15,4.909,30
ECVT,0,10:20,4.919,30
ECVT,0,10:25,4.909,30
ECVT,0,10:30,4.926,30
ECVT,0,10:35,4.912,30
ECVT,0,10:40,4.912,30
ECVT,0,10:45,4.916,30
ECVT,0,10:50,4.921,30
ECVT,0,10:55,4.924,30
ECVT,0,11:00,4.916,30
ECVT,0,11:05,4.909,30
ECVT,0,11:10,4.909,30
ECVT,0,11:15,4.912,30
ECVT,0,11:20,4.907,30
ECVT,0,11:25,4.907,30
ECVT,0,11:30,4.912,30
ECVT,0,11:35,4.909,30
ECVT,0,11:40,4.912,30
ECVT,0,11:45,4.909,30
ECVT,0,11:50,4.907,30
ECVT,0,11:55,4.912,30
ECVT,0,12:00,4.912,30
ECVT,0,12:05,4.909,30
ECVT,0,12:10,4.912,30
ECVT,0,12:15,4.909,30
ECVT,0,12:20,4.909,30
ECVT,0,12:25,4.914,30
ECVT,0,12:30,4.909,30
ECVT,0,12:35,4.909,30
ECVT,0,12:40,4.912,30
ECVT,0,12:45,4.912,30
ECVT,0,12:50,4.909,30
ECVT,0,12:55,4.904,30
ECVT,0,13:00,4.902,30
ECVT,0,13:05,4.902,30
ECVT,0,13:10,4.9,29
ECVT,0,13:15,4.9,29
ECVT,0,13:20,4.9,29
ECVT,0,13:25,4.9,29
ECVT,0,13:30,4.9,29
ECVT,0,13:35,4.904,29
ECVT,0,13:40,4.904,29
ECVT,0,13:45,4.904,29
ECVT,0,13:50,4.904,29
ECVT,0,13:55,4.904,29
ECVT,0,14:00,4.909,29
ECVT,0,14:05,4.904,29
ECVT,0,14:10,4.909,29
ECVT,0,14:15,4.904,29
ECVT,0,14:20,4.904,29
ECVT,0,14:25,4.9,29
ECVT,0,14:30,4.9,29
ECVT,0,14:35,4.9,29
ECVT,0,14:40,4.895,29
ECVT,0,14:45,4.895,29
ECVT,0,14:50,4.9,29
ECVT,0,14:55,4.904,29
ECVT,0,15:00,4.914,29
ECVT,0,15:05,4.904,29
ECVT,0,15:10,4.909,29
ECVT,0,15:15,4.909,29
ECVT,0,15:20,4.909,29
ECVT,0,15:25,4.909,29
ECVT,0,15:30,4.904,29
ECVT,0,15:35,4.914,29
ECVT,0,15:40,4.909,29
ECVT,0,15:45,4.909,29
ECVT,0,15:50,4.919,29
ECVT,0,15:55,4.9,29
EPD,1,09:30,38.411,30
EPD,1,09:35,9.063,30
EPD,1,09:40,7.617,30
EPD,1,09:45,6.386,30
EPD,1,09:50,5.16,30
EPD,1,09:55,4.582,30
EPD,1,10:00,4.496,30
EPD,1,10:05,3.915,30
EPD,1,10:10,3.846,30
EPD,1,10:15,3.857,30
EPD,1,10:20,3.826,30
EPD,1,10:25,2.663,30
EPD,1,10:30,3.857,30
EPD,1,10:35,2.692,30
EPD,1,10:40,2.618,30
EPD,1,10:45,2.592,30
EPD,1,10:50,2.559,30
EPD,1,10:55,2.537,30
EPD,1,11:00,2.562,30
EPD,1,11:05,2.552,30
EPD,1,11:10,2.569,30
EPD,1,11:15,2.565,30
EPD,1,11:20,2.56,30
EPD,1,11:25,1.954,30
EPD,1,11:30,2.546,30
EPD,1,11:35,2.575,30
EPD,1,11:40,2.547,30
EPD,1,11:45,1.95,30
EPD,1,11:50,1.354,30
EPD,1,11:55,2.601,30
EPD,1,12:00,1.342,30
EPD,1,12:05,1.308,30
EPD,1,12:10,1.348,30
EPD,1,12:15,1.339,30
EPD,1,12:20,1.948,30
EPD,1,12:25,1.316,30
EPD,1,12:30,1.36,30
EPD,1,12:35,1.956,30
EPD,1,12:40,1.311,30
EPD,1,12:45,1.312,30
EPD,1,12:50,1.297,30
EPD,1,12:55,1.318,30
EPD,1,13:00,1.358,30
EPD,1,13:05,1.954,30
EPD,1,13:10,1.319,30
EPD,1,13:15,1.326,29
EPD,1,13:20,1.308,29
EPD,1,13:25,1.299,29
EPD,1,13:30,1.306,29
EPD,1,13:35,1.359,29
EPD,1,13:40,1.303,29
EPD,1,13:45,1.302,29
EPD,1,13:50,1.323,29
EPD,1,13:55,1.305,29
EPD,1,14:00,1.3,29
EPD,1,14:05,1.308,29
EPD,1,14:10,1.323,29
EPD,1,14:15,1.289,29
EPD,1,14:20,1.299,29
EPD,1,14:25,1.289,29
EPD,1,14:30,1.298,29
EPD,1,14:35,1.292,29
EPD,1,14:40,1.297,29
EPD,1,14:45,1.301,29
EPD,1,14:50,1.304,29
EPD,1,14:55,1.301,29
EPD,1,15:00,1.298,29
EPD,1,15:05,1.313,29
EPD,1,15:10,1.3,29
EPD,1,15:15,1.297,29
EPD,1,15:20,1.295,29
EPD,1,15:25,1.293,29
EPD,1,15:30,1.301,29
EPD,1,15:35,1.3,29
EPD,1,15:40,1.297,29
EPD,1,15:45,1.29,29
EPD,1,15:50,1.291,29
EPD,1,15:55,1.29,29
EWJ,1,09:30,11.894,30
EWJ,1,09:35,1.045,30
EWJ,1,09:40,0.518,30
EWJ,1,09:45,0.519,30
EWJ,1,09:50,0.517,30
EWJ,1,09:55,0.517,30
EWJ,1,10:00,0.523,30
EWJ,1,10:05,0.521,30
EWJ,1,10:10,0.518,30
EWJ,1,10:15,0.518,30
EWJ,1,10:20,0.519,30
EWJ,1,10:25,0.518,30
EWJ,1,10:30,0.517,30
EWJ,1,10:35,0.517,30
EWJ,1,10:40,0.517,30
EWJ,1,10:45,0.518,30
EWJ,1,10:50,0.518,30
EWJ,1,10:55,0.517,30
EWJ,1,11:00,0.518,30
EWJ,1,11:05,0.517,30
EWJ,1,11:10,0.518,30
EWJ,1,11:15,0.518,30
EWJ,1,11:20,0.518,30
EWJ,1,11:25,0.518,30
EWJ,1,11:30,0.518,30
EWJ,1,11:35,0.518,30
EWJ,1,11:40,0.518,30
EWJ,1,11:45,0.518,30
EWJ,1,11:50,0.518,30
EWJ,1,11:55,0.518,30
EWJ,1,12:00,0.518,30
EWJ,1,12:05,0.518,30
EWJ,1,12:10,0.518,30
EWJ,1,12:15,0.518,30
EWJ,1,12:20,0.518,30
EWJ,1,12:25,0.518,30
EWJ,1,12:30,0.518,30
EWJ,1,12:35,0.519,30
EWJ,1,12:40,0.518,30
EWJ,1,12:45,0.518,30
EWJ,1,12:50,0.517,30
EWJ,1,12:55,0.517,30
EWJ,1,13:00,0.519,30
EWJ,1,13:05,0.519,30
EWJ,1,13:10,0.517,30
EWJ,1,13:15,0.517,29
EWJ,1,13:20,0.517,29
EWJ,1,13:25,0.517,29
EWJ,1,13:30,0.517,29
EWJ,1,13:35,0.517,29
EWJ,1,13:40,0.517,29
EWJ,1,13:45,0.517,29
EWJ,1,13:50,0.517,29
EWJ,1,13:55,0.517,29
EWJ,1,14:00,0.518,29
EWJ,1,14:05,0.516,29
EWJ,1,14:10,0.517,29
EWJ,1,14:15,0.517,29
EWJ,1,14:20,0.517,29
EWJ,1,14:25,0.516,29
EWJ,1,14:30,0.516,29
EWJ,1,14:35,0.516,29
EWJ,1,14:40,0.517,29
EWJ,1,14:45,0.517,29
EWJ,1,14:50,0.519,29
EWJ,1,14:55,0.516,29
EWJ,1,15:00,0.516,29
EWJ,1,15:05,0.516,29
EWJ,1,15:10,0.517,29
EWJ,1,15:15,0.518,29
EWJ,1,15:20,0.519,29
EWJ,1,15:25,0.519,29
EWJ,1,15:30,0.519,29
EWJ,1,15:35,0.517,29
EWJ,1,15:40,0.517,29
EWJ,1,15:45,0.518,29
EWJ,1,15:50,0.521,29
EWJ,1,15:55,0.517,29
GDX,1,09:30,4.373,30
GDX,1,09:35,1.575,30
GDX,1,09:40,1.044,30
GDX,1,09:45,1.053,30
GDX,1,09:50,1.039,30
GDX,1,09:55,0.989,30
GDX,1,10:00,1.046,30
GDX,1,10:05,1.044,30
GDX,1,10:10,0.969,30
GDX,1,10:15,0.988,30
GDX,1,10:20,0.768,30
GDX,1,10:25,0.763,30
GDX,1,10:30,1.011,30
GDX,1,10:35,0.758,30
GDX,1,10:40,0.762,30
GDX,1,10:45,1.024,30
GDX,1,10:50,0.989,30
GDX,1,10:55,0.971,30
GDX,1,11:00,0.561,30
GDX,1,11:05,0.531,30
GDX,1,11:10,0.563,30
GDX,1,11:15,0.566,30
GDX,1,11:20,0.565,30
GDX,1,11:25,0.565,30
GDX,1,11:30,0.971,30
GDX,1,11:35,0.544,30
GDX,1,11:40,0.544,30
GDX,1,11:45,0.545,30
GDX,1,11:50,0.533,30
GDX,1,11:55,0.536,30
GDX,1,12:00,0.562,30
GDX,1,12:05,0.53,30
GDX,1,12:10,0.525,30
GDX,1,12:15,0.551,30
GDX,1,12:20,0.53,30
GDX,1,12:25,0.532,30
GDX,1,12:30,0.528,30
GDX,1,12:35,0.538,30
GDX,1,12:40,0.535,30
GDX,1,12:45,0.541,30
GDX,1,12:50,0.532,30
GDX,1,12:55,0.527,30
GDX,1,13:00,0.525,30
GDX,1,13:05,0.532,30
GDX,1,13:10,0.522,30
GDX,1,13:15,0.528,29
GDX,1,13:20,0.524,29
GDX,1,13:25,0.545,29
GDX,1,13:30,0.524,29
GDX,1,13:35,0.522,29
GDX,1,13:40,0.522,29
GDX,1,13:45,0.529,29
GDX,1,13:50,0.52,29
GDX,1,13:55,0.531,29
GDX,1,14:00,0.521,29
GDX,1,14:05,0.529,29
GDX,1,14:10,0.531,29
GDX,1,14:15,0.521,29
GDX,1,14:20,0.521,29
GDX,1,14:25,0.524,29
GDX,1,14:30,0.529,29
GDX,1,14:35,0.519,29
GDX,1,14:40,0.519,29
GDX,1,14:45,0.525,29
GDX,1,14:50,0.519,29
GDX,1,14:55,0.522,29
GDX,1,15:00,0.521,29
GDX,1,15:05,0.531,29
GDX,1,15:10,0.518,29
GDX,1,15:15,0.517,29
GDX,1,15:20,0.517,29
GDX,1,15:25,0.516,29
GDX,1,15:30,0.524,29
GDX,1,15:35,0.516,29
GDX,1,15:40,0.518,29
GDX,1,15:45,0.521,29
GDX,1,15:50,0.523,29
GDX,1,15:55,0.515,29
GLD,1,09:30,0.611,30
GLD,1,09:35,0.619,30
GLD,1,09:40,0.492,30
GLD,1,09:45,0.502,30
GLD,1,09:50,0.491,30
GLD,1,09:55,0.389,30
GLD,1,10:00,0.481,30
GLD,1,10:05,0.383,30
GLD,1,10:10,0.495,30
GLD,1,10:15,0.482,30
GLD,1,10:20,0.497,30
GLD,1,10:25,0.432,30
GLD,1,10:30,0.502,30
GLD,1,10:35,0.433,30
GLD,1,10:40,0.502,30
GLD,1,10:45,0.435,30
GLD,1,10:50,0.497,30
GLD,1,10:55,0.481,30
GLD,1,11:00,0.374,30
GLD,1,11:05,0.434,30
GLD,1,11:10,0.476,30
GLD,1,11:15,0.395,30
GLD,1,11:20,0.385,30
GLD,1,11:25,0.375,30
GLD,1,11:30,0.478,30
GLD,1,11:35,0.384,30
GLD,1,11:40,0.376,30
GLD,1,11:45,0.374,30
GLD,1,11:50,0.374,30
GLD,1,11:55,0.38,30
GLD,1,12:00,0.363,30
GLD,1,12:05,0.375,30
GLD,1,12:10,0.375,30
GLD,1,12:15,0.363,30
GLD,1,12:20,0.371,30
GLD,1,12:25,0.376,30
GLD,1,12:30,0.371,30
GLD,1,12:35,0.376,30
GLD,1,12:40,0.375,30
GLD,1,12:45,0.376,30
GLD,1,12:50,0.374,30
GLD,1,12:55,0.363,30
GLD,1,13:00,0.355,30
GLD,1,13:05,0.374,30
GLD,1,13:10,0.252,30
GLD,1,13:15,0.376,29
GLD,1,13:20,0.369,29
GLD,1,13:25,0.37,29
GLD,1,13:30,0.373,29
GLD,1,13:35,0.364,29
GLD,1,13:40,0.377,29
GLD,1,13:45,0.374,29
GLD,1,13:50,0.352,29
GLD,1,13:55,0.372,29
GLD,1,14:00,0.352,29
GLD,1,14:05,0.374,29
GLD,1,14:10,0.37,29
GLD,1,14:15,0.375,29
GLD,1,14:20,0.373,29
GLD,1,14:25,0.355,29
GLD,1,14:30,0.376,29
GLD,1,14:35,0.371,29
GLD,1,14:40,0.355,29
GLD,1,14:45,0.255,29
GLD,1,14:50,0.364,29
GLD,1,14:55,0.374,29
GLD,1,15:00,0.372,29
GLD,1,15:05,0.364,29
GLD,1,15:10,0.264,29
GLD,1,15:15,0.354,29
GLD,1,15:20,0.254,29
GLD,1,15:25,0.354,29
GLD,1,15:30,0.367,29
GLD,1,15:35,0.254,29
GLD,1,15:40,0.25,29
GLD,1,15:45,0.252,29
GLD,1,15:50,0.254,29
GLD,1,15:55,0.249,29
HYD,1,09:30,28.596,30
HYD,1,09:35,2.047,30
HYD,1,09:40,1.01,30
HYD,1,09:45,1.019,30
HYD,1,09:50,1.014,30
HYD,1,09:55,1.01,30
HYD,1,10:00,1.025,30
HYD,1,10:05,1.014,30
HYD,1,10:10,1.014,30
HYD,1,10:15,1.011,30
HYD,1,10:20,1.011,30
HYD,1,10:25,1.012,30
HYD,1,10:30,1.011,30
HYD,1,10:35,1.011,30
HYD,1,10:40,1.011,30
HYD,1,10:45,1.011,30
HYD,1,10:50,1.01,30
HYD,1,10:55,1.011,30
HYD,1,11:00,1.011,30
HYD,1,11:05,1.011,30
HYD,1,11:10,1.011,30
HYD,1,11:15,1.012,30
HYD,1,11:20,1.012,30
HYD,1,11:25,1.012,30
HYD,1,11:30,1.009,30
HYD,1,11:35,1.012,30
HYD,1,11:40,1.012,30
HYD,1,11:45,1.012,30
HYD,1,11:50,1.012,30
HYD,1,11:55,1.012,30
HYD,1,12:00,1.012,30
HYD,1,12:05,1.012,30
HYD,1,12:10,1.012,30
HYD,1,12:15,1.012,30
HYD,1,12:20,1.01,30
HYD,1,12:25,1.012,30
HYD,1,12:30,1.012,30
HYD,1,12:35,1.012,30
HYD,1,12:40,1.013,30
HYD,1,12:45,1.013,30
HYD,1,12:50,1.013,30
HYD,1,12:55,1.013,30
HYD,1,13:00,1.012,30
HYD,1,13:05,1.012,30
HYD,1,13:10,1.012,30
HYD,1,13:15,1.011,29
HYD,1,13:20,1.011,29
HYD,1,13:25,1.011,29
HYD,1,13:30,1.01,29
HYD,1,13:35,1.01,29
HYD,1,13:40,1.011,29
HYD,1,13:45,1.011,29
HYD,1,13:50,1.011,29
HYD,1,13:55,1.011,29
HYD,1,14:00,1.011,29
HYD,1,14:05,1.011,29
HYD,1,14:10,1.011,29
HYD,1,14:15,1.011,29
HYD,1,14:20,1.011,29
HYD,1,14:25,1.01,29
HYD,1,14:30,1.011,29
HYD,1,14:35,1.011,29
HYD,1,14:40,1.011,29
HYD,1,14:45,1.011,29
HYD,1,14:50,1.011,29
HYD,1,14:55,1.01,29
HYD,1,15:00,1.011,29
HYD,1,15:05,1.011,29
HYD,1,15:10,1.011,29
HYD,1,15:15,1.011,29
HYD,1,15:20,1.011,29
HYD,1,15:25,1.011,29
HYD,1,15:30,1.011,29
HYD,1,15:35,1.011,29
HYD,1,15:40,1.011,29
HYD,1,15:45,1.011,29
HYD,1,15:50,1.022,29
HYD,1,15:55,1.011,29
ICLN,1,09:30,21.556,30
ICLN,1,09:35,2.86,30
ICLN,1,09:40,2.836,30
ICLN,1,09:45,2.83,30
ICLN,1,09:50,2.834,30
ICLN,1,09:55,2.835,30
ICLN,1,10:00,2.839,30
ICLN,1,10:05,2.845,30
ICLN,1,10:10,2.837,30
ICLN,1,10:15,2.841,30
ICLN,1,10:20,2.841,30
ICLN,1,10:25,2.841,30
ICLN,1,10:30,2.838,30
ICLN,1,10:35,2.838,30
ICLN,1,10:40,2.841,30
ICLN,1,10:45,2.842,30
ICLN,1,10:50,2.839,30
ICLN,1,10:55,2.843,30
ICLN,1,11:00,2.839,30
ICLN,1,11:05,2.839,30
ICLN,1,11:10,2.843,30
ICLN,1,11:15,2.841,30
ICLN,1,11:20,2.84,30
ICLN,1,11:25,2.84,30
ICLN,1,11:30,2.84,30
ICLN,1,11:35,2.842,30
ICLN,1,11:40,2.84,30
ICLN,1,11:45,2.84,30
ICLN,1,11:50,2.842,30
ICLN,1,11:55,2.84,30
ICLN,1,12:00,2.838,30
ICLN,1,12:05,2.841,30
ICLN,1,12:10,2.843,30
ICLN,1,12:15,2.841,30
ICLN,1,12:20,2.84,30
ICLN,1,12:25,2.838,30
ICLN,1,12:30,2.84,30
ICLN,1,12:35,2.842,30
ICLN,1,12:40,2.839,30
ICLN,1,12:45,2.84,30
ICLN,1,12:50,2.837,30
ICLN,1,12:55,2.839,30
ICLN,1,13:00,2.84,30
ICLN,1,13:05,2.842,30
ICLN,1,13:10,2.842,30
ICLN,1,13:15,2.838,29
ICLN,1,13:20,2.84,29
ICLN,1,13:25,2.838,29
ICLN,1,13:30,2.838,29
ICLN,1,13:35,2.838,29
ICLN,1,13:40,2.84,29
ICLN,1,13:45,2.838,29
ICLN,1,13:50,2.838,29
ICLN,1,13:55,2.838,29
ICLN,1,14:00,2.838,29
ICLN,1,14:05,2.838,29
ICLN,1,14:10,2.838,29
ICLN,1,14:15,2.838,29
ICLN,1,14:20,2.835,29
ICLN,1,14:25,2.837,29
ICLN,1,14:30,2.838,29
ICLN,1,14:35,2.84,29
ICLN,1,14:40,2.838,29
ICLN,1,14:45,2.838,29
ICLN,1,14:50,2.837,29
ICLN,1,14:55,2.837,29
ICLN,1,15:00,2.838,29
ICLN,1,15:05,2.838,29
ICLN,1,15:10,2.837,29
ICLN,1,15:15,2.838,29
ICLN,1,15:20,2.838,29
ICLN,1,15:25,2.84,29
ICLN,1,15:30,2.84,29
ICLN,1,15:35,2.842,29
ICLN,1,15:40,2.84,29
ICLN,1,15:45,2.84,29
ICLN,1,15:50,2.84,29
ICLN,1,15:55,2.84,29
ISRG,1,09:30,37.61,30
ISRG,1,09:35,13.829,30
ISRG,1,09:40,9.509,30
ISRG,1,09:45,8.899,30
ISRG,1,09:50,7.373,30
ISRG,1,09:55,7.106,30
ISRG,1,10:00,7.195,30
ISRG,1,10:05,6.415,30
ISRG,1,10:10,6.049,30
ISRG,1,10:15,5.507,30
ISRG,1,10:20,5.738,30
ISRG,1,10:25,5.057,30
ISRG,1,10:30,5.273,30
ISRG,1,10:35,4.789,30
ISRG,1,10:40,4.494,30
ISRG,1,10:45,4.378,30
ISRG,1,10:50,4.771,30
ISRG,1,10:55,4.146,30
ISRG,1,11:00,4.974,30
ISRG,1,11:05,4.585,30
ISRG,1,11:10,4.079,30
ISRG,1,11:15,4.218,30
ISRG,1,11:20,4.022,30
ISRG,1,11:25,3.673,30
ISRG,1,11:30,4.539,30
ISRG,1,11:35,4.124,30
ISRG,1,11:40,4.592,30
ISRG,1,11:45,3.324,30
ISRG,1,11:50,3.833,30
ISRG,1,11:55,3.392,30
ISRG,1,12:00,3.306,30
ISRG,1,12:05,3.416,30
ISRG,1,12:10,2.809,30
ISRG,1,12:15,3.244,30
ISRG,1,12:20,3.426,30
ISRG,1,12:25,3.712,30
ISRG,1,12:30,3.492,30
ISRG,1,12:35,3.119,30
ISRG,1,12:40,3.287,30
ISRG,1,12:45,2.525,30
ISRG,1,12:50,3.248,30
ISRG,1,12:55,2.941,30
ISRG,1,13:00,3.272,30
ISRG,1,13:05,3.19,30
ISRG,1,13:10,3.053,30
ISRG,1,13:15,2.928,29
ISRG,1,13:20,2.758,29
ISRG,1,13:25,2.731,29
ISRG,1,13:30,3.302,29
ISRG,1,13:35,3.24,29
ISRG,1,13:40,3.373,29
ISRG,1,13:45,2.711,29
ISRG,1,13:50,2.897,29
ISRG,1,13:55,3.234,29
ISRG,1,14:00,2.574,29
ISRG,1,14:05,2.844,29
ISRG,1,14:10,3.108,29
ISRG,1,14:15,3.322,29
ISRG,1,14:20,3.115,29
ISRG,1,14:25,2.973,29
ISRG,1,14:30,3.126,29
ISRG,1,14:35,2.555,29
ISRG,1,14:40,2.925,29
ISRG,1,14:45,2.432,29
ISRG,1,14:50,2.697,29
ISRG,1,14:55,2.621,29
ISRG,1,15:00,2.713,29
ISRG,1,15:05,2.74,29
ISRG,1,15:10,2.428,29
ISRG,1,15:15,2.487,29
ISRG,1,15:20,2.398,29
ISRG,1,15:25,2.24,29
ISRG,1,15:30,2.159,29
ISRG,1,15:35,2.162,29
ISRG,1,15:40,1.776,29
ISRG,1,15:45,2.54,29
ISRG,1,15:50,2.132,29
ISRG,1,15:55,3.702,29
ODFL,1,09:30,169.64,30
ODFL,1,09:35,25.785,30
ODFL,1,09:40,18.749,30
ODFL,1,09:45,16.403,30
ODFL,1,09:50,12.544,30
ODFL,1,09:55,13.235,30
ODFL,1,10:00,11.468,30
ODFL,1,10:05,9.791,30
ODFL,1,10:10,8.784,30
ODFL,1,10:15,8.813,30
ODFL,1,10:20,9.774,30
ODFL,1,10:25,8.925,30
ODFL,1,10:30,8.028,30
ODFL,1,10:35,7.92,30
ODFL,1,10:40,6.521,30
ODFL,1,10:45,7.944,30
ODFL,1,10:50,6.941,30
ODFL,1,10:55,6.839,30
ODFL,1,11:00,6.794,30
ODFL,1,11:05,7.244,30
ODFL,1,11:10,6.561,30
ODFL,1,11:15,7.266,30
ODFL,1,11:20,6.287,30
ODFL,1,11:25,4.869,30
ODFL,1,11:30,5.733,30
ODFL,1,11:35,4.815,30
ODFL,1,11:40,6.467,30
ODFL,1,11:45,6.625,30
ODFL,1,11:50,6.276,30
ODFL,1,11:55,6.85,30
ODFL,1,12:00,7.176,30
ODFL,1,12:05,6.089,30
ODFL,1,12:10,5.434,30
ODFL,1,12:15,5.783,30
ODFL,1,12:20,6.801,30
ODFL,1,12:25,5.772,30
ODFL,1,12:30,6.215,30
ODFL,1,12:35,5.499,30
ODFL,1,12:40,5.354,30
ODFL,1,12:45,5.0,30
ODFL,1,12:50,5.817,30
ODFL,1,12:55,4.836,30
ODFL,1,13:00,4.701,30
ODFL,1,13:05,4.851,30
ODFL,1,13:10,4.953,30
ODFL,1,13:15,5.124,29
ODFL,1,13:20,5.325,29
ODFL,1,13:25,4.682,29
ODFL,1,13:30,4.803,29
ODFL,1,13:35,4.799,29
ODFL,1,13:40,4.85,29
ODFL,1,13:45,5.267,29
ODFL,1,13:50,4.491,29
ODFL,1,13:55,4.83,29
ODFL,1,14:00,4.958,29
ODFL,1,14:05,5.233,29
ODFL,1,14:10,4.779,29
ODFL,1,14:15,5.41,29
ODFL,1,14:20,4.506,29
ODFL,1,14:25,4.159,29
ODFL,1,14:30,4.524,29
ODFL,1,14:35,4.619,29
ODFL,1,14:40,4.314,29
ODFL,1,14:45,4.809,29
ODFL,1,14:50,4.663,29
ODFL,1,14:55,4.742,29
ODFL,1,15:00,4.547,29
ODFL,1,15:05,4.607,29
ODFL,1,15:10,4.505,29
ODFL,1,15:15,4.637,29
ODFL,1,15:20,3.754,29
ODFL,1,15:25,4.255,29
ODFL,1,15:30,3.744,29
ODFL,1,15:35,4.746,29
ODFL,1,15:40,3.502,29
ODFL,1,15:45,3.457,29
ODFL,1,15:50,3.905,29
ODFL,1,15:55,5.429,29
PGR,1,09:30,114.06,30
PGR,1,09:35,19.977,30
PGR,1,09:40,11.274,30
PGR,1,09:45,8.219,30
PGR,1,09:50,7.737,30
PGR,1,09:55,7.378,30
PGR,1,10:00,7.626,30
PGR,1,10:05,7.575,30
PGR,1,10:10,6.605,30
PGR,1,10:15,7.21,30
PGR,1,10:20,6.036,30
PGR,1,10:25,6.161,30
PGR,1,10:30,6.297,30
PGR,1,10:35,5.607,30
PGR,1,10:40,5.914,30
PGR,1,10:45,5.516,30
PGR,1,10:50,5.369,30
PGR,1,10:55,6.214,30
PGR,1,11:00,4.923,30
PGR,1,11:05,5.112,30
PGR,1,11:10,5.507,30
PGR,1,11:15,4.918,30
PGR,1,11:20,3.638,30
PGR,1,11:25,5.126,30
PGR,1,11:30,4.308,30
PGR,1,11:35,4.429,30
PGR,1,11:40,4.663,30
PGR,1,11:45,4.931,30
PGR,1,11:50,4.169,30
PGR,1,11:55,3.907,30
PGR,1,12:00,3.944,30
PGR,1,12:05,3.859,30
PGR,1,12:10,4.01,30
PGR,1,12:15,3.819,30
PGR,1,12:20,3.808,30
PGR,1,12:25,3.554,30
PGR,1,12:30,4.28,30
PGR,1,12:35,3.973,30
PGR,1,12:40,3.977,30
PGR,1,12:45,3.254,30
PGR,1,12:50,3.726,30
PGR,1,12:55,4.332,30
PGR,1,13:00,3.45,30
PGR,1,13:05,3.596,30
PGR,1,13:10,3.817,30
PGR,1,13:15,3.435,29
PGR,1,13:20,3.494,29
PGR,1,13:25,3.248,29
PGR,1,13:30,3.251,29
PGR,1,13:35,4.092,29
PGR,1,13:40,3.637,29
PGR,1,13:45,3.655,29
PGR,1,13:50,3.714,29
PGR,1,13:55,3.341,29
PGR,1,14:00,3.889,29
PGR,1,14:05,4.283,29
PGR,1,14:10,3.468,29
PGR,1,14:15,3.588,29
PGR,1,14:20,3.468,29
PGR,1,14:25,3.381,29
PGR,1,14:30,2.943,29
PGR,1,14:35,3.42,29
PGR,1,14:40,3.417,29
PGR,1,14:45,2.546,29
PGR,1,14:50,3.572,29
PGR,1,14:55,3.168,29
PGR,1,15:00,3.196,29
PGR,1,15:05,3.003,29
PGR,1,15:10,2.742,29
PGR,1,15:15,2.677,29
PGR,1,15:20,2.58,29
PGR,1,15:25,2.743,29
PGR,1,15:30,3.23,29
PGR,1,15:35,2.718,29
PGR,1,15:40,2.317,29
PGR,1,15:45,2.528,29
PGR,1,15:50,3.2,29
PGR,1,15:55,2.059,29
RSPU,1,09:30,26.283,30
RSPU,1,09:35,9.493,30
RSPU,1,09:40,7.074,30
RSPU,1,09:45,6.076,30
RSPU,1,09:50,4.769,30
RSPU,1,09:55,4.693,30
RSPU,1,10:00,5.314,30
RSPU,1,10:05,4.525,30
RSPU,1,10:10,3.997,30
RSPU,1,10:15,3.685,30
RSPU,1,10:20,3.971,30
RSPU,1,10:25,3.833,30
RSPU,1,10:30,3.896,30
RSPU,1,10:35,3.272,30
RSPU,1,10:40,3.411,30
RSPU,1,10:45,3.344,30
RSPU,1,10:50,2.77,30
RSPU,1,10:55,2.668,30
RSPU,1,11:00,2.754,30
RSPU,1,11:05,2.715,30
RSPU,1,11:10,2.63,30
RSPU,1,11:15,2.661,30
RSPU,1,11:20,2.625,30
RSPU,1,11:25,2.645,30
RSPU,1,11:30,2.626,30
RSPU,1,11:35,2.62,30
RSPU,1,11:40,2.152,30
RSPU,1,11:45,2.597,30
RSPU,1,11:50,2.619,30
RSPU,1,11:55,2.55,30
RSPU,1,12:00,2.612,30
RSPU,1,12:05,2.545,30
RSPU,1,12:10,2.561,30
RSPU,1,12:15,2.339,30
RSPU,1,12:20,2.347,30
RSPU,1,12:25,2.589,30
RSPU,1,12:30,2.131,30
RSPU,1,12:35,2.606,30
RSPU,1,12:40,2.574,30
RSPU,1,12:45,2.151,30
RSPU,1,12:50,2.151,30
RSPU,1,12:55,2.127,30
RSPU,1,13:00,2.126,30
RSPU,1,13:05,2.143,30
RSPU,1,13:10,2.344,30
RSPU,1,13:15,1.996,29
RSPU,1,13:20,2.056,29
RSPU,1,13:25,2.047,29
RSPU,1,13:30,2.083,29
RSPU,1,13:35,2.009,29
RSPU,1,13:40,2.083,29
RSPU,1,13:45,2.536,29
RSPU,1,13:50,2.02,29
RSPU,1,13:55,2.119,29
RSPU,1,14:00,2.632,29
RSPU,1,14:05,2.139,29
RSPU,1,14:10,2.032,29
RSPU,1,14:15,2.051,29
RSPU,1,14:20,2.152,29
RSPU,1,14:25,2.052,29
RSPU,1,14:30,2.086,29
RSPU,1,14:35,2.143,29
RSPU,1,14:40,1.978,29
RSPU,1,14:45,2.08,29
RSPU,1,14:50,2.032,29
RSPU,1,14:55,2.086,29
RSPU,1,15:00,1.989,29
RSPU,1,15:05,2.081,29
RSPU,1,15:10,2.005,29
RSPU,1,15:15,2.043,29
RSPU,1,15:20,1.978,29
RSPU,1,15:25,2.003,29
RSPU,1,15:30,1.999,29
RSPU,1,15:35,1.991,29
RSPU,1,15:40,2.001,29
RSPU,1,15:45,1.993,29
RSPU,1,15:50,2.582,29
RSPU,1,15:55,2.008,29
SLV,1,09:30,1.663,30
SLV,1,09:35,0.846,30
SLV,1,09:40,0.846,30
SLV,1,09:45,0.84,30
SLV,1,09:50,0.841,30
SLV,1,09:55,0.842,30
SLV,1,10:00,0.843,30
SLV,1,10:05,0.844,30
SLV,1,10:10,0.841,30
SLV,1,10:15,0.84,30
SLV,1,10:20,0.841,30
SLV,1,10:25,0.84,30
SLV,1,10:30,0.841,30
SLV,1,10:35,0.841,30
SLV,1,10:40,0.842,30
SLV,1,10:45,0.842,30
SLV,1,10:50,0.843,30
SLV,1,10:55,0.844,30
SLV,1,11:00,0.843,30
SLV,1,11:05,0.842,30
SLV,1,11:10,0.842,30
SLV,1,11:15,0.841,30
SLV,1,11:20,0.84,30
SLV,1,11:25,0.84,30
SLV,1,11:30,0.843,30
SLV,1,11:35,0.842,30
SLV,1,11:40,0.842,30
SLV,1,11:45,0.841,30
SLV,1,11:50,0.846,30
SLV,1,11:55,0.841,30
SLV,1,12:00,0.84,30
SLV,1,12:05,0.84,30
SLV,1,12:10,0.84,30
SLV,1,12:15,0.838,30
SLV,1,12:20,0.841,30
SLV,1,12:25,0.841,30
SLV,1,12:30,0.841,30
SLV,1,12:35,0.841,30
SLV,1,12:40,0.84,30
SLV,1,12:45,0.84,30
SLV,1,12:50,0.839,30
SLV,1,12:55,0.84,30
SLV,1,13:00,0.84,30
SLV,1,13:05,0.84,30
SLV,1,13:10,0.84,30
SLV,1,13:15,0.838,29
SLV,1,13:20,0.84,29
SLV,1,13:25,0.84,29
SLV,1,13:30,0.84,29
SLV,1,13:35,0.842,29
SLV,1,13:40,0.842,29
SLV,1,13:45,0.841,29
SLV,1,13:50,0.841,29
SLV,1,13:55,0.841,29
SLV,1,14:00,0.841,29
SLV,1,14:05,0.84,29
SLV,1,14:10,0.84,29
SLV,1,14:15,0.84,29
SLV,1,14:20,0.843,29
SLV,1,14:25,0.839,29
SLV,1,14:30,0.839,29
SLV,1,14:35,0.839,29
SLV,1,14:40,0.839,29
SLV,1,14:45,0.839,29
SLV,1,14:50,0.839,29
SLV,1,14:55,0.838,29
SLV,1,15:00,0.838,29
SLV,1,15:05,0.838,29
SLV,1,15:10,0.838,29
SLV,1,15:15,0.838,29
SLV,1,15:20,0.839,29
SLV,1,15:25,0.838,29
SLV,1,15:30,0.838,29
SLV,1,15:35,0.837,29
SLV,1,15:40,0.836,29
SLV,1,15:45,0.837,29
SLV,1,15:50,0.838,29
SLV,1,15:55,0.838,29
TDOC,1,09:30,89.772,30
TDOC,1,09:35,15.7,30
TDOC,1,09:40,8.071,30
TDOC,1,09:45,7.994,30
TDOC,1,09:50,8.091,30
TDOC,1,09:55,7.962,30
TDOC,1,10:00,7.955,30
TDOC,1,10:05,7.918,30
TDOC,1,10:10,7.905,30
TDOC,1,10:15,7.886,30
TDOC,1,10:20,7.899,30
TDOC,1,10:25,7.893,30
TDOC,1,10:30,7.905,30
TDOC,1,10:35,7.893,30
TDOC,1,10:40,7.886,30
TDOC,1,10:45,7.868,30
TDOC,1,10:50,7.886,30
TDOC,1,10:55,7.893,30
TDOC,1,11:00,7.893,30
TDOC,1,11:05,7.911,30
TDOC,1,11:10,7.924,30
TDOC,1,11:15,7.943,30
TDOC,1,11:20,7.93,30
TDOC,1,11:25,7.93,30
TDOC,1,11:30,7.924,30
TDOC,1,11:35,7.905,30
TDOC,1,11:40,7.918,30
TDOC,1,11:45,7.918,30
TDOC,1,11:50,7.918,30
TDOC,1,11:55,7.918,30
TDOC,1,12:00,7.924,30
TDOC,1,12:05,7.924,30
TDOC,1,12:10,7.924,30
TDOC,1,12:15,7.911,30
TDOC,1,12:20,7.918,30
TDOC,1,12:25,7.918,30
TDOC,1,12:30,7.905,30
TDOC,1,12:35,7.918,30
TDOC,1,12:40,7.918,30
TDOC,1,12:45,7.918,30
TDOC,1,12:50,7.918,30
TDOC,1,12:55,7.918,30
TDOC,1,13:00,7.918,30
TDOC,1,13:05,7.905,30
TDOC,1,13:10,7.899,30
TDOC,1,13:15,7.893,29
TDOC,1,13:20,7.893,29
TDOC,1,13:25,7.893,29
TDOC,1,13:30,7.918,29
TDOC,1,13:35,7.93,29
TDOC,1,13:40,7.93,29
TDOC,1,13:45,7.93,29
TDOC,1,13:50,7.93,29
TDOC,1,13:55,7.93,29
TDOC,1,14:00,7.93,29
TDOC,1,14:05,7.918,29
TDOC,1,14:10,7.893,29
TDOC,1,14:15,7.893,29
TDOC,1,14:20,7.893,29
TDOC,1,14:25,7.905,29
TDOC,1,14:30,7.905,29
TDOC,1,14:35,7.918,29
TDOC,1,14:40,7.918,29
TDOC,1,14:45,7.93,29
TDOC,1,14:50,7.93,29
TDOC,1,14:55,7.93,29
TDOC,1,15:00,7.93,29
TDOC,1,15:05,7.905,29
TDOC,1,15:10,7.905,29
TDOC,1,15:15,7.893,29
TDOC,1,15:20,7.88,29
TDOC,1,15:25,7.893,29
TDOC,1,15:30,7.893,29
TDOC,1,15:35,7.905,29
TDOC,1,15:40,7.905,29
TDOC,1,15:45,7.943,29
TDOC,1,15:50,7.943,29
TDOC,1,15:55,7.93,29
TLT,1,09:30,0.618,30
TLT,1,09:35,0.611,30
TLT,1,09:40,0.611,30
TLT,1,09:45,0.61,30
TLT,1,09:50,0.611,30
TLT,1,09:55,0.611,30
TLT,1,10:00,0.612,30
TLT,1,10:05,0.61,30
TLT,1,10:10,0.611,30
TLT,1,10:15,0.61,30
TLT,1,10:20,0.61,30
TLT,1,10:25,0.611,30
TLT,1,10:30,0.611,30
TLT,1,10:35,0.611,30
TLT,1,10:40,0.611,30
TLT,1,10:45,0.611,30
TLT,1,10:50,0.611,30
TLT,1,10:55,0.611,30
TLT,1,11:00,0.611,30
TLT,1,11:05,0.612,30
TLT,1,11:10,0.612,30
TLT,1,11:15,0.612,30
TLT,1,11:20,0.612,30
TLT,1,11:25,0.612,30
TLT,1,11:30,0.612,30
TLT,1,11:35,0.612,30
TLT,1,11:40,0.612,30
TLT,1,11:45,0.612,30
TLT,1,11:50,0.612,30
TLT,1,11:55,0.612,30
TLT,1,12:00,0.612,30
TLT,1,12:05,0.612,30
TLT,1,12:10,0.612,30
TLT,1,12:15,0.612,30
TLT,1,12:20,0.612,30
TLT,1,12:25,0.612,30
TLT,1,12:30,0.612,30
TLT,1,12:35,0.612,30
TLT,1,12:40,0.612,30
TLT,1,12:45,0.612,30
TLT,1,12:50,0.612,30
TLT,1,12:55,0.612,30
TLT,1,13:00,0.612,30
TLT,1,13:05,0.612,30
TLT,1,13:10,0.612,30
TLT,1,13:15,0.612,29
TLT,1,13:20,0.612,29
TLT,1,13:25,0.612,29
TLT,1,13:30,0.612,29
TLT,1,13:35,0.612,29
TLT,1,13:40,0.612,29
TLT,1,13:45,0.611,29
TLT,1,13:50,0.612,29
TLT,1,13:55,0.611,29
TLT,1,14:00,0.611,29
TLT,1,14:05,0.611,29
TLT,1,14:10,0.611,29
TLT,1,14:15,0.611,29
TLT,1,14:20,0.611,29
TLT,1,14:25,0.611,29
TLT,1,14:30,0.612,29
TLT,1,14:35,0.612,29
TLT,1,14:40,0.612,29
TLT,1,14:45,0.612,29
TLT,1,14:50,0.612,29
TLT,1,14:55,0.612,29
TLT,1,15:00,0.612,29
TLT,1,15:05,0.612,29
TLT,1,15:10,0.611,29
TLT,1,15:15,0.611,29
TLT,1,15:20,0.611,29
TLT,1,15:25,0.611,29
TLT,1,15:30,0.611,29
TLT,1,15:35,0.611,29
TLT,1,15:40,0.611,29
TLT,1,15:45,0.611,29
TLT,1,15:50,0.611,29
TLT,1,15:55,0.611,29
VRTX,1,09:30,92.954,30
VRTX,1,09:35,18.295,30
VRTX,1,09:40,16.121,30
VRTX,1,09:45,13.02,30
VRTX,1,09:50,10.541,30
VRTX,1,09:55,8.728,30
VRTX,1,10:00,10.302,30
VRTX,1,10:05,8.56,30
VRTX,1,10:10,7.973,30
VRTX,1,10:15,7.537,30
VRTX,1,10:20,6.835,30
VRTX,1,10:25,6.721,30
VRTX,1,10:30,6.89,30
VRTX,1,10:35,6.79,30
VRTX,1,10:40,5.985,30
VRTX,1,10:45,5.573,30
VRTX,1,10:50,6.494,30
VRTX,1,10:55,6.116,30
VRTX,1,11:00,5.769,30
VRTX,1,11:05,5.513,30
VRTX,1,11:10,5.953,30
VRTX,1,11:15,5.446,30
VRTX,1,11:20,4.982,30
VRTX,1,11:25,5.394,30
VRTX,1,11:30,5.465,30
VRTX,1,11:35,5.127,30
VRTX,1,11:40,4.873,30
VRTX,1,11:45,5.588,30
VRTX,1,11:50,5.026,30
VRTX,1,11:55,4.89,30
VRTX,1,12:00,4.833,30
VRTX,1,12:05,4.782,30
VRTX,1,12:10,4.795,30
VRTX,1,12:15,4.794,30
VRTX,1,12:20,4.537,30
VRTX,1,12:25,3.835,30
VRTX,1,12:30,4.113,30
VRTX,1,12:35,4.551,30
VRTX,1,12:40,4.474,30
VRTX,1,12:45,4.16,30
VRTX,1,12:50,4.348,30
VRTX,1,12:55,4.13,30
VRTX,1,13:00,4.481,30
VRTX,1,13:05,4.769,30
VRTX,1,13:10,4.626,30
VRTX,1,13:15,4.598,30
VRTX,1,13:20,4.123,29
VRTX,1,13:25,4.196,29
VRTX,1,13:30,4.34,29
VRTX,1,13:35,4.642,29
VRTX,1,13:40,3.92,29
VRTX,1,13:45,4.077,29
VRTX,1,13:50,3.778,29
VRTX,1,13:55,4.182,29
VRTX,1,14:00,4.797,29
VRTX,1,14:05,4.974,29
VRTX,1,14:10,4.312,29
VRTX,1,14:15,3.789,29
VRTX,1,14:20,3.485,29
VRTX,1,14:25,3.684,29
VRTX,1,14:30,3.969,29
VRTX,1,14:35,3.537,29
VRTX,1,14:40,3.983,29
VRTX,1,14:45,3.702,29
VRTX,1,14:50,3.831,29
VRTX,1,14:55,3.92,29
VRTX,1,15:00,3.658,29
VRTX,1,15:05,3.977,29
VRTX,1,15:10,3.788,29
VRTX,1,15:15,3.825,29
VRTX,1,15:20,3.563,29
VRTX,1,15:25,3.318,29
VRTX,1,15:30,2.809,29
VRTX,1,15:35,3.556,29
VRTX,1,15:40,3.165,29
VRTX,1,15:45,3.088,29
VRTX,1,15:50,3.492,29
VRTX,1,15:55,5.016,29
VTV,1,09:30,7.282,30
VTV,1,09:35,1.545,30
VTV,1,09:40,1.14,30
VTV,1,09:45,1.127,30
VTV,1,09:50,0.902,30
VTV,1,09:55,0.887,30
VTV,1,10:00,0.894,30
VTV,1,10:05,0.675,30
VTV,1,10:10,0.671,30
VTV,1,10:15,0.666,30
VTV,1,10:20,0.667,30
VTV,1,10:25,0.665,30
VTV,1,10:30,0.664,30
VTV,1,10:35,0.559,30
VTV,1,10:40,0.456,30
VTV,1,10:45,0.453,30
VTV,1,10:50,0.45,30
VTV,1,10:55,0.459,30
VTV,1,11:00,0.662,30
VTV,1,11:05,0.45,30
VTV,1,11:10,0.662,30
VTV,1,11:15,0.452,30
VTV,1,11:20,0.445,30
VTV,1,11:25,0.452,30
VTV,1,11:30,0.446,30
VTV,1,11:35,0.451,30
VTV,1,11:40,0.45,30
VTV,1,11:45,0.559,30
VTV,1,11:50,0.45,30
VTV,1,11:55,0.444,30
VTV,1,12:00,0.447,30
VTV,1,12:05,0.441,30
VTV,1,12:10,0.448,30
VTV,1,12:15,0.445,30
VTV,1,12:20,0.446,30
VTV,1,12:25,0.444,30
VTV,1,12:30,0.444,30
VTV,1,12:35,0.448,30
VTV,1,12:40,0.445,30
VTV,1,12:45,0.444,30
VTV,1,12:50,0.445,30
VTV,1,12:55,0.442,30
VTV,1,13:00,0.444,30
VTV,1,13:05,0.447,30
VTV,1,13:10,0.447,30
VTV,1,13:15,0.445,30
VTV,1,13:20,0.444,29
VTV,1,13:25,0.444,29
VTV,1,13:30,0.445,29
VTV,1,13:35,0.445,29
VTV,1,13:40,0.442,29
VTV,1,13:45,0.444,29
VTV,1,13:50,0.444,29
VTV,1,13:55,0.442,29
VTV,1,14:00,0.446,29
VTV,1,14:05,0.444,29
VTV,1,14:10,0.444,29
VTV,1,14:15,0.444,29
VTV,1,14:20,0.442,29
VTV,1,14:25,0.441,29
VTV,1,14:30,0.444,29
VTV,1,14:35,0.444,29
VTV,1,14:40,0.445,29
VTV,1,14:45,0.444,29
VTV,1,14:50,0.443,29
VTV,1,14:55,0.444,29
VTV,1,15:00,0.447,29
VTV,1,15:05,0.444,29
VTV,1,15:10,0.441,29
VTV,1,15:15,0.441,29
VTV,1,15:20,0.442,29
VTV,1,15:25,0.442,29
VTV,1,15:30,0.443,29
VTV,1,15:35,0.44,29
VTV,1,15:40,0.442,29
VTV,1,15:45,0.442,29
VTV,1,15:50,0.45,29
VTV,1,15:55,0.45,29
