symbol,in_compute_eligible,hs_0930,hs_0945,hs_1000,hs_1030,hs_midday,hs_1530,hs_1545,hs_close_window
ACRS,0,216.445,16.003,9.533,8.503,8.453,8.453,8.439,8.453
AEP,1,59.203,5.825,3.923,2.879,1.69,1.228,1.227,1.243
AFL,0,108.663,6.342,3.471,2.822,1.714,1.297,0.873,1.287
AKTS,0,488.411,90.576,92.606,62.79,33.621,26.385,21.422,24.57
AMD,1,10.111,3.739,3.804,3.162,2.037,1.931,1.347,1.75
ANRO,0,328.242,94.8,64.345,39.412,21.979,17.391,15.69,16.496
APA,0,61.961,4.617,3.405,2.286,1.165,1.142,1.146,1.143
APPS,0,101.804,23.574,16.729,13.248,9.001,4.755,5.089,4.742
ARTV,0,142.822,72.518,60.318,39.813,22.533,19.12,21.231,19.589
BNY,0,74.538,8.161,5.925,3.998,2.455,1.669,1.329,1.586
BOW,0,62.284,2.976,2.961,1.492,1.487,1.486,1.486,1.486
BRBR,0,271.55,19.582,12.02,9.426,5.504,5.432,5.402,5.397
BRO,0,133.44,10.796,7.227,6.574,3.658,2.263,2.482,2.724
CCBG,0,1404.042,110.851,88.677,61.115,20.84,16.954,16.158,16.247
CFG,0,87.526,4.242,2.94,2.249,1.454,1.426,0.769,1.422
CHRW,0,239.023,19.058,12.967,10.138,5.902,3.63,3.819,3.805
CNC,0,81.444,10.08,8.143,4.952,3.141,2.369,2.223,2.301
COF,0,71.731,8.371,6.217,5.963,3.28,2.078,2.039,2.039
CTVA,1,82.909,7.541,7.729,4.898,2.94,2.497,1.808,2.277
DBC,1,10.799,1.562,1.593,1.564,1.554,1.544,1.545,1.544
DOCS,1,98.765,11.492,9.439,5.932,3.761,2.005,1.96,1.984
DRI,0,238.611,18.454,10.267,9.272,6.015,4.493,4.061,4.535
DTE,0,101.594,8.953,8.736,6.182,3.971,2.378,2.226,2.56
ECVT,0,304.22,15.048,9.742,4.926,4.904,4.904,4.909,4.909
EPD,1,38.411,6.386,4.496,3.857,1.319,1.301,1.29,1.297
EWJ,1,11.894,0.519,0.523,0.517,0.517,0.519,0.518,0.518
GDX,1,4.373,1.053,1.046,1.011,0.531,0.524,0.521,0.521
GLD,1,0.611,0.502,0.481,0.502,0.374,0.367,0.252,0.352
HYD,1,28.596,1.019,1.025,1.011,1.011,1.011,1.011,1.011
ICLN,1,21.556,2.83,2.839,2.838,2.839,2.84,2.84,2.84
ISRG,1,37.61,8.899,7.195,5.273,3.274,2.159,2.54,2.374
ODFL,1,169.64,16.403,11.468,8.028,5.454,3.744,3.457,3.923
PGR,1,114.06,8.219,7.626,6.297,3.747,3.23,2.528,2.77
RSPU,1,26.283,6.076,5.314,3.896,2.544,1.999,1.993,2.0
SLV,1,1.663,0.84,0.843,0.841,0.84,0.838,0.837,0.838
TDOC,1,89.772,7.994,7.955,7.905,7.918,7.893,7.943,7.893
TLT,1,0.618,0.61,0.612,0.611,0.612,0.611,0.611,0.611
VRTX,1,92.954,13.02,10.302,6.89,4.513,2.809,3.088,3.408
VTV,1,7.282,1.127,0.894,0.664,0.446,0.443,0.442,0.442
