symbol,name,sector,rank,cohort,ibkr_symbol
SNOW,SNOWFLAKE,Information Technology,104,r3k_top500_fill,SNOW
NET,CLOUDFLARE CLASS A,Information Technology,110,r3k_top500_fill,NET
SPOT,SPOTIFY TECHNOLOGY,Communication,135,r3k_top500_fill,SPOT
SPCX,SPACE EXPLORATION TECHNOLOGIES COR,Communication,151,r3k_top500_fill,SPCX
LNG,CHENIERE ENERGY,Energy,200,r3k_top500_fill,LNG
AU,ANGLOGOLD ASHANTI PLC,Materials,226,r3k_top500_fill,AU
NU,NU HOLDINGS CLASS A,Financials,228,r3k_top500_fill,NU
NTRA,NATERA,Health Care,245,r3k_top500_fill,NTRA
ALAB,ASTERA LABS,Information Technology,278,r3k_top500_fill,ALAB
TWLO,TWILIO CLASS A,Information Technology,294,r3k_top500_fill,TWLO
RKLB,ROCKET LAB CORP,Industrials,300,r3k_top500_fill,RKLB
ALNY,ALNYLAM PHARMACEUTICALS,Health Care,301,r3k_top500_fill,ALNY
RBLX,ROBLOX CLASS A,Communication,307,r3k_top500_fill,RBLX
TEAM,ATLASSIAN CORP CLASS A,Information Technology,312,r3k_top500_fill,TEAM
OKTA,OKTA CLASS A,Information Technology,315,r3k_top500_fill,OKTA
MDB,MONGODB CLASS A,Information Technology,323,r3k_top500_fill,MDB
SUNB,SUNBELT RENTALS HOLDINGS INC,Industrials,325,r3k_top500_fill,SUNB
FTI,TECHNIPFMC PLC,Energy,330,r3k_top500_fill,FTI
LPLA,LPL FINANCIAL HOLDINGS,Financials,341,r3k_top500_fill,LPLA
INSM,INSMED,Health Care,346,r3k_top500_fill,INSM
QSR,RESTAURANTS BRANDS INTERNATIONAL,Consumer Discretionary,347,r3k_top500_fill,QSR
ATI,ATI,Industrials,364,r3k_top500_fill,ATI
ZM,ZOOM COMMUNICATIONS CLASS A,Information Technology,366,r3k_top500_fill,ZM
CRDO,CREDO TECHNOLOGY GROUP HOLDING LTD,Information Technology,374,r3k_top500_fill,CRDO
RPRX,ROYALTY PHARMA PLC CLASS A,Health Care,377,r3k_top500_fill,RPRX
NVT,NVENT ELECTRIC PLC,Industrials,384,r3k_top500_fill,NVT
MKL,MARKEL GROUP,Financials,394,r3k_top500_fill,MKL
SOFI,SOFI TECHNOLOGIES,Financials,396,r3k_top500_fill,SOFI
UTHR,UNITED THERAPEUTICS,Health Care,402,r3k_top500_fill,UTHR
GH,GUARDANT HEALTH,Health Care,403,r3k_top500_fill,GH
USFD,US FOODS HOLDING,Consumer Staples,407,r3k_top500_fill,USFD
RGLD,ROYAL GOLD,Materials,408,r3k_top500_fill,RGLD
FWONK,LIBERTY MEDIA FORMULA ONE SERIES C,Communication,410,r3k_top500_fill,FWONK
CW,CURTISS WRIGHT,Industrials,412,r3k_top500_fill,CW
AFRM,AFFIRM HOLDINGS CLASS A,Financials,415,r3k_top500_fill,AFRM
ROKU,ROKU CLASS A,Communication,417,r3k_top500_fill,ROKU
CRS,CARPENTER TECHNOLOGY,Industrials,422,r3k_top500_fill,CRS
XPO,XPO,Industrials,424,r3k_top500_fill,XPO
CDE,COEUR MINING,Materials,427,r3k_top500_fill,CDE
ROIV,ROIVANT SCIENCES LTD,Health Care,430,r3k_top500_fill,ROIV
SNX,TD SYNNEX,Information Technology,431,r3k_top500_fill,SNX
RS,RELIANCE STEEL & ALUMINUM,Materials,432,r3k_top500_fill,RS
ENTG,ENTEGRIS INC,Information Technology,435,r3k_top500_fill,ENTG
WWD,WOODWARD,Industrials,439,r3k_top500_fill,WWD
OVV,OVINTIV,Energy,445,r3k_top500_fill,OVV
CPNG,COUPANG CLASS A,Consumer Discretionary,446,r3k_top500_fill,CPNG
PR,PERMIAN RESOURCES CLASS A,Energy,447,r3k_top500_fill,PR
EWBC,EAST WEST BANCORP,Financials,453,r3k_top500_fill,EWBC
FTAI,FTAI AVIATION,Industrials,455,r3k_top500_fill,FTAI
NTNX,NUTANIX CLASS A,Information Technology,458,r3k_top500_fill,NTNX
ITT,ITT INC,Industrials,460,r3k_top500_fill,ITT
BAM,BROOKFIELD ASSET MANAGEMENT VOTING,Financials,462,r3k_top500_fill,BAM
SCCO,SOUTHERN COPPER CORP,Materials,464,r3k_top500_fill,SCCO
CRCL,CIRCLE INTERNET GROUP INC CLASS A,Information Technology,465,r3k_top500_fill,CRCL
FCNCA,FIRST CITIZENS BANCSHARES CLASS A,Financials,467,r3k_top500_fill,FCNCA
SSNC,SS AND C TECHNOLOGIES HOLDINGS,Industrials,468,r3k_top500_fill,SSNC
DINO,HF SINCLAIR,Energy,472,r3k_top500_fill,DINO
HEI.A,HEICO CLASS A,Industrials,473,r3k_top500_fill,HEI A
RGA,REINSURANCE GROUP OF AMERICA,Financials,482,r3k_top500_fill,RGA
JLL,JONES LANG LASALLE,Real Estate,483,r3k_top500_fill,JLL
CLH,CLEAN HARBORS INC,Industrials,486,r3k_top500_fill,CLH
TOST,TOAST CLASS A,Financials,492,r3k_top500_fill,TOST
MTSI,MACOM TECHNOLOGY SOLUTIONS,Information Technology,494,r3k_top500_fill,MTSI
MKSI,MKS,Information Technology,495,r3k_top500_fill,MKSI
DT,DYNATRACE INC,Information Technology,497,r3k_top500_fill,DT
RBA,RB GLOBAL,Industrials,499,r3k_top500_fill,RBA
U,UNITY SOFTWARE,Information Technology,501,r3k_501_1000,U
RBRK,RUBRIK CLASS A,Information Technology,503,r3k_501_1000,RBRK
NBIX,NEUROCRINE BIOSCIENCES,Health Care,504,r3k_501_1000,NBIX
ASTS,AST SPACEMOBILE CLASS A,Communication,505,r3k_501_1000,ASTS
TRU,TRANSUNION,Industrials,506,r3k_501_1000,TRU
ARMK,ARAMARK,Consumer Discretionary,507,r3k_501_1000,ARMK
EQH,EQUITABLE HOLDINGS,Financials,508,r3k_501_1000,EQH
SGI,SOMNIGROUP INTERNATIONAL,Consumer Discretionary,509,r3k_501_1000,SGI
WPC,W. P. CAREY REIT,Real Estate,510,r3k_501_1000,WPC
VIK,VIKING HOLDINGS LTD,Consumer Discretionary,511,r3k_501_1000,VIK
UNM,UNUM,Financials,512,r3k_501_1000,UNM
PNFP,PINNACLE FINANCIAL PARTNERS,Financials,514,r3k_501_1000,PNFP
RBC,RBC BEARINGS,Industrials,517,r3k_501_1000,RBC
IOT,SAMSARA CLASS A,Information Technology,518,r3k_501_1000,IOT
MDLN,MEDLINE CLASS A,Health Care,519,r3k_501_1000,MDLN
LSCC,LATTICE SEMICONDUCTOR,Information Technology,521,r3k_501_1000,LSCC
BMNR,BITMINE IMMERSION TECHNOLOGIES,Information Technology,522,r3k_501_1000,BMNR
SUI,SUN COMMUNITIES REIT INC,Real Estate,523,r3k_501_1000,SUI
CACI,CACI INTERNATIONAL INC CLASS A,Industrials,525,r3k_501_1000,CACI
IONQ,IONQ,Information Technology,526,r3k_501_1000,IONQ
JAZZ,JAZZ PHARMACEUTICALS PLC,Health Care,527,r3k_501_1000,JAZZ
APG,API GROUP,Industrials,531,r3k_501_1000,APG
OHI,OMEGA HEALTHCARE INVESTORS REIT,Real Estate,532,r3k_501_1000,OHI
BURL,BURLINGTON STORES,Consumer Discretionary,533,r3k_501_1000,BURL
MTZ,MASTEC INC,Industrials,534,r3k_501_1000,MTZ
FLUT,FLUTTER ENTERTAINMENT PLC,Consumer Discretionary,536,r3k_501_1000,FLUT
GFL,GFL ENVIRONMENTAL SUBORDINATE VOTI,Industrials,537,r3k_501_1000,GFL
SN,SHARKNINJA,Consumer Discretionary,541,r3k_501_1000,SN
STRL,STERLING INFRASTRUCTURE,Industrials,542,r3k_501_1000,STRL
DOCU,DOCUSIGN,Information Technology,543,r3k_501_1000,DOCU
LECO,LINCOLN ELECTRIC HOLDINGS,Industrials,544,r3k_501_1000,LECO
SMTC,SEMTECH,Information Technology,545,r3k_501_1000,SMTC
FDXF,FEDEX FREIGHT HOLDING COMPANY INC,Industrials,548,r3k_501_1000,FDXF
IREN,IREN,Information Technology,549,r3k_501_1000,IREN
PFGC,PERFORMANCE FOOD GROUP,Consumer Staples,550,r3k_501_1000,PFGC
FN,FABRINET,Information Technology,551,r3k_501_1000,FN
BWA,BORGWARNER,Consumer Discretionary,554,r3k_501_1000,BWA
FIVE,FIVE BELOW,Consumer Discretionary,555,r3k_501_1000,FIVE
RNR,RENAISSANCERE HOLDING,Financials,556,r3k_501_1000,RNR
MEDP,MEDPACE HOLDINGS,Health Care,557,r3k_501_1000,MEDP
BWXT,BWX TECHNOLOGIES INC,Industrials,562,r3k_501_1000,BWXT
HALO,HALOZYME THERAPEUTICS,Health Care,564,r3k_501_1000,HALO
ASND,ASCENDIS PHARMA,Health Care,568,r3k_501_1000,ASND
CSL,CARLISLE COMPANIES,Industrials,570,r3k_501_1000,CSL
CCK,CROWN HOLDINGS INC,Materials,571,r3k_501_1000,CCK
LAMR,LAMAR ADVERTISING COMPANY CLAS,Real Estate,572,r3k_501_1000,LAMR
MLI,MUELLER INDUSTRIES INC,Industrials,573,r3k_501_1000,MLI
MANH,MANHATTAN ASSOCIATES,Information Technology,574,r3k_501_1000,MANH
RPM,RPM INTERNATIONAL INC,Materials,575,r3k_501_1000,RPM
TLN,TALEN ENERGY CORP,Utilities,576,r3k_501_1000,TLN
GWRE,GUIDEWIRE SOFTWARE,Information Technology,579,r3k_501_1000,GWRE
RKT,ROCKET COMPANIES INC CLASS A,Financials,581,r3k_501_1000,RKT
HUBS,HUBSPOT,Information Technology,583,r3k_501_1000,HUBS
SITM,SITIME,Information Technology,585,r3k_501_1000,SITM
GGG,GRACO,Industrials,586,r3k_501_1000,GGG
DTM,DT MIDSTREAM,Energy,587,r3k_501_1000,DTM
ONTO,ONTO INNOVATION,Information Technology,588,r3k_501_1000,ONTO
BJ,BJS WHOLESALE CLUB HOLDINGS,Consumer Staples,589,r3k_501_1000,BJ
EHC,ENCOMPASS HEALTH,Health Care,590,r3k_501_1000,EHC
BMRN,BIOMARIN PHARMACEUTICAL,Health Care,592,r3k_501_1000,BMRN
TXRH,TEXAS ROADHOUSE INC,Consumer Discretionary,593,r3k_501_1000,TXRH
PEN,PENUMBRA,Health Care,594,r3k_501_1000,PEN
TW,TRADEWEB MARKETS INC CLASS A,Financials,595,r3k_501_1000,TW
BBIO,BRIDGEBIO PHARMA,Health Care,598,r3k_501_1000,BBIO
FHN,FIRST HORIZON,Financials,599,r3k_501_1000,FHN
SF,STIFEL FINANCIAL,Financials,602,r3k_501_1000,SF
CNH,CNH INDUSTRIAL N.V.,Industrials,603,r3k_501_1000,CNH
DKNG,DRAFTKINGS CLASS A,Consumer Discretionary,605,r3k_501_1000,DKNG
AIT,APPLIED INDUSTRIAL TECHNOLOGIES,Industrials,606,r3k_501_1000,AIT
ELS,EQUITY LIFESTYLE PROPERTIES REIT I,Real Estate,607,r3k_501_1000,ELS
NXT,NEXTPOWER INC,Industrials,608,r3k_501_1000,NXT
HL,HECLA MINING,Materials,611,r3k_501_1000,HL
SCI,SERVICE,Consumer Discretionary,615,r3k_501_1000,SCI
TTMI,TTM TECHNOLOGIES INC,Information Technology,617,r3k_501_1000,TTMI
NYT,NEW YORK TIMES CLASS A,Communication,618,r3k_501_1000,NYT
ARW,ARROW ELECTRONICS,Information Technology,620,r3k_501_1000,ARW
MOH,MOLINA HEALTHCARE INC,Health Care,621,r3k_501_1000,MOH
COKE,COCA COLA CONSOLIDATED INC,Consumer Staples,623,r3k_501_1000,COKE
FNF,FIDELITY NATIONAL FINANCIAL INC,Financials,625,r3k_501_1000,FNF
QXO,QXO INC,Industrials,626,r3k_501_1000,QXO
ELAN,ELANCO ANIMAL HEALTH,Health Care,627,r3k_501_1000,ELAN
ALLY,ALLY FINANCIAL INC,Financials,628,r3k_501_1000,ALLY
AGNC,AGNC INVESTMENT REIT,Financials,629,r3k_501_1000,AGNC
BPOP,POPULAR,Financials,630,r3k_501_1000,BPOP
GLPI,GAMING AND LEISURE PROPERTIES REIT,Real Estate,633,r3k_501_1000,GLPI
W,WAYFAIR CLASS A,Consumer Discretionary,634,r3k_501_1000,W
AR,ANTERO RESOURCES,Energy,635,r3k_501_1000,AR
CG,CARLYLE GROUP INC,Financials,636,r3k_501_1000,CG
KNX,KNIGHT-SWIFT TRANSPORTATION HOLDIN,Industrials,638,r3k_501_1000,KNX
WSO,WATSCO,Industrials,639,r3k_501_1000,WSO
DCI,DONALDSON,Industrials,640,r3k_501_1000,DCI
ALSN,ALLISON TRANSMISSION HOLDINGS,Industrials,641,r3k_501_1000,ALSN
SEIC,SEI INVESTMENTS,Financials,644,r3k_501_1000,SEIC
ARWR,ARROWHEAD PHARMACEUTICALS,Health Care,645,r3k_501_1000,ARWR
SSB,SOUTHSTATE BANK CORP,Financials,646,r3k_501_1000,SSB
CORT,CORCEPT THERAPEUTICS,Health Care,648,r3k_501_1000,CORT
AMH,AMERICAN HOMES RENT REIT CLASS A,Real Estate,650,r3k_501_1000,AMH
MOG.A,MOOG INC CLASS A,Industrials,651,r3k_501_1000,MOG A
EGP,EASTGROUP PROPERTIES REIT,Real Estate,652,r3k_501_1000,EGP
AHR,AMERICAN HEALTHCARE REIT,Real Estate,654,r3k_501_1000,AHR
SANM,SANMINA,Information Technology,657,r3k_501_1000,SANM
OC,OWENS CORNING,Industrials,658,r3k_501_1000,OC
SM,SM ENERGY,Energy,660,r3k_501_1000,SM
UMBF,UMB FINANCIAL,Financials,662,r3k_501_1000,UMBF
MTCH,MATCH GROUP INC,Communication,663,r3k_501_1000,MTCH
CGNX,COGNEX,Information Technology,664,r3k_501_1000,CGNX
AVTR,AVANTOR,Health Care,665,r3k_501_1000,AVTR
CR,CRANE,Industrials,666,r3k_501_1000,CR
ZION,ZIONS BANCORPORATION,Financials,668,r3k_501_1000,ZION
VOYA,VOYA FINANCIAL,Financials,669,r3k_501_1000,VOYA
EVR,EVERCORE CLASS A,Financials,670,r3k_501_1000,EVR
RRX,REGAL REXNORD,Industrials,671,r3k_501_1000,RRX
LFUS,LITTELFUSE,Information Technology,672,r3k_501_1000,LFUS
MDGL,MADRIGAL PHARMACEUTICALS,Health Care,673,r3k_501_1000,MDGL
FROG,JFROG,Information Technology,674,r3k_501_1000,FROG
CFR,CULLEN FROST BANKERS,Financials,675,r3k_501_1000,CFR
AYI,ACUITY,Industrials,676,r3k_501_1000,AYI
PRI,PRIMERICA,Financials,677,r3k_501_1000,PRI
ENSG,ENSIGN GROUP,Health Care,679,r3k_501_1000,ENSG
TTEK,TETRA TECH,Industrials,680,r3k_501_1000,TTEK
DOCN,DIGITALOCEAN HOLDINGS,Information Technology,681,r3k_501_1000,DOCN
WTFC,WINTRUST FINANCIAL,Financials,682,r3k_501_1000,WTFC
MOD,MODINE MANUFACTURING,Industrials,683,r3k_501_1000,MOD
ORI,OLD REPUBLIC INTERNATIONAL,Financials,684,r3k_501_1000,ORI
EAT,BRINKER INTERNATIONAL INC,Consumer Discretionary,686,r3k_501_1000,EAT
PINS,PINTEREST CLASS A,Communication,687,r3k_501_1000,PINS
BAH,BOOZ ALLEN HAMILTON HOLDING CLASS,Industrials,688,r3k_501_1000,BAH
BTSG,BRIGHTSPRING HEALTH SERVICES INC,Health Care,690,r3k_501_1000,BTSG
AEIS,ADVANCED ENERGY INDUSTRIES,Information Technology,691,r3k_501_1000,AEIS
RRC,RANGE RESOURCES,Energy,692,r3k_501_1000,RRC
OGE,OGE ENERGY,Utilities,693,r3k_501_1000,OGE
CYTK,CYTOKINETICS,Health Care,694,r3k_501_1000,CYTK
FLS,FLOWSERVE,Industrials,696,r3k_501_1000,FLS
AFG,AMERICAN FINANCIAL GROUP,Financials,697,r3k_501_1000,AFG
KMX,CARMAX INC,Consumer Discretionary,698,r3k_501_1000,KMX
QGEN,QIAGEN,Health Care,699,r3k_501_1000,QGEN
SAIA,SAIA INC,Industrials,700,r3k_501_1000,SAIA
WTS,WATTS WATER TECHNOLOGIES CLASS A,Industrials,703,r3k_501_1000,WTS
COLB,COLUMBIA BANKING SYSTEM INC,Financials,704,r3k_501_1000,COLB
RGEN,REPLIGEN,Health Care,705,r3k_501_1000,RGEN
SOLS,SOLSTICE ADVANCED MATERIALS INC,Materials,706,r3k_501_1000,SOLS
TTC,TORO,Industrials,707,r3k_501_1000,TTC
QRVO,QORVO,Information Technology,708,r3k_501_1000,QRVO
PAYC,PAYCOM SOFTWARE,Industrials,709,r3k_501_1000,PAYC
REXR,REXFORD INDUSTRIAL REALTY REIT,Real Estate,710,r3k_501_1000,REXR
JXN,JACKSON FINANCIAL CLASS A,Financials,712,r3k_501_1000,JXN
AXSM,AXSOME THERAPEUTICS,Health Care,713,r3k_501_1000,AXSM
VSAT,VIASAT INC,Information Technology,715,r3k_501_1000,VSAT
WMS,ADVANCED DRAINAGE SYSTEMS INC,Industrials,716,r3k_501_1000,WMS
OSK,OSHKOSH CORP,Industrials,717,r3k_501_1000,OSK
ONB,OLD NATIONAL BANCORP,Financials,718,r3k_501_1000,ONB
FCFS,FIRSTCASH HOLDINGS INC,Financials,719,r3k_501_1000,FCFS
MUSA,MURPHY USA,Consumer Discretionary,720,r3k_501_1000,MUSA
VMI,VALMONT INDS,Industrials,721,r3k_501_1000,VMI
IDCC,INTERDIGITAL INC,Information Technology,722,r3k_501_1000,IDCC
AMG,AFFILIATED MANAGERS GROUP,Financials,723,r3k_501_1000,AMG
CHYM,CHIME FINANCIAL CLASS A,Financials,725,r3k_501_1000,CHYM
GME,GAMESTOP CLASS A,Consumer Discretionary,726,r3k_501_1000,GME
RMBS,RAMBUS,Information Technology,727,r3k_501_1000,RMBS
HUT,HUT CORP,Information Technology,728,r3k_501_1000,HUT
SPXC,SPX TECHNOLOGIES INC,Industrials,730,r3k_501_1000,SPXC
CUBE,CUBESMART REIT,Real Estate,732,r3k_501_1000,CUBE
CHRD,CHORD ENERGY,Energy,733,r3k_501_1000,CHRD
TIGO,MILLICOM INTERNATIONAL CELLULAR,Communication,734,r3k_501_1000,TIGO
ACM,AECOM,Industrials,735,r3k_501_1000,ACM
LAD,LITHIA MOTORS INC CLASS A,Consumer Discretionary,736,r3k_501_1000,LAD
DKS,DICKS SPORTING,Consumer Discretionary,737,r3k_501_1000,DKS
BRX,BRIXMOR PROPERTY GROUP REIT INC,Real Estate,738,r3k_501_1000,BRX
CTRE,CARETRUST REIT,Real Estate,739,r3k_501_1000,CTRE
CRBG,COREBRIDGE FINANCIAL INC,Financials,740,r3k_501_1000,CRBG
KTOS,KRATOS DEFENSE AND SECURITY SOLUTI,Industrials,741,r3k_501_1000,KTOS
AAL,AMERICAN AIRLINES GROUP,Industrials,742,r3k_501_1000,AAL
IONS,IONIS PHARMACEUTICALS,Health Care,743,r3k_501_1000,IONS
TWST,TWIST BIOSCIENCE,Health Care,744,r3k_501_1000,TWST
GMED,GLOBUS MEDICAL CLASS A,Health Care,745,r3k_501_1000,GMED
ADC,AGREE REALTY REIT,Real Estate,746,r3k_501_1000,ADC
KRYS,KRYSTAL BIOTECH,Health Care,747,r3k_501_1000,KRYS
DY,DYCOM INDUSTRIES INC,Industrials,748,r3k_501_1000,DY
WAL,WESTERN ALLIANCE,Financials,749,r3k_501_1000,WAL
PRAX,PRAXIS PRECISION MEDICINES,Health Care,750,r3k_501_1000,PRAX
VNOM,VIPER ENERGY INC CLASS A,Energy,751,r3k_501_1000,VNOM
HQY,HEALTHEQUITY,Health Care,752,r3k_501_1000,HQY
ESTC,ELASTIC,Information Technology,753,r3k_501_1000,ESTC
THG,HANOVER INSURANCE GROUP,Financials,754,r3k_501_1000,THG
ATR,APTARGROUP,Materials,756,r3k_501_1000,ATR
RHP,RYMAN HOSPITALITY PROPERTIES REIT,Real Estate,757,r3k_501_1000,RHP
TGTX,TG THERAPEUTICS,Health Care,758,r3k_501_1000,TGTX
NOV,NOV,Energy,759,r3k_501_1000,NOV
PB,PROSPERITY BANCSHARES,Financials,760,r3k_501_1000,PB
XP,XP CLASS A INC,Financials,761,r3k_501_1000,XP
NNN,NNN REIT,Real Estate,762,r3k_501_1000,NNN
EMN,EASTMAN CHEMICAL,Materials,763,r3k_501_1000,EMN
UGI,UGI,Utilities,764,r3k_501_1000,UGI
OSCR,OSCAR HEALTH CLASS A,Financials,765,r3k_501_1000,OSCR
TXG,10X GENOMICS CLASS A,Health Care,766,r3k_501_1000,TXG
FR,FIRST INDUSTRIAL REALTY TRUST,Real Estate,767,r3k_501_1000,FR
VIAV,VIAVI SOLUTIONS,Information Technology,768,r3k_501_1000,VIAV
KNSL,KINSALE CAPITAL GROUP INC,Financials,769,r3k_501_1000,KNSL
CNM,CORE & MAIN INC CLASS A,Industrials,770,r3k_501_1000,CNM
FORM,FORMFACTOR INC,Information Technology,771,r3k_501_1000,FORM
SSRM,SSR MINING,Materials,773,r3k_501_1000,SSRM
CMC,COMMERCIAL METALS,Materials,774,r3k_501_1000,CMC
CBSH,COMMERCE BANCSHARES,Financials,775,r3k_501_1000,CBSH
AUR,AURORA INNOVATION CLASS A,Information Technology,776,r3k_501_1000,AUR
SNEX,STONEX GROUP INC,Financials,777,r3k_501_1000,SNEX
JEF,JEFFERIES FINANCIAL GROUP INC,Financials,778,r3k_501_1000,JEF
AXTA,AXALTA COATING SYSTEMS,Materials,779,r3k_501_1000,AXTA
AXS,AXIS CAPITAL HOLDINGS,Financials,780,r3k_501_1000,AXS
OMF,ONEMAIN HOLDINGS,Financials,781,r3k_501_1000,OMF
HLI,HOULIHAN LOKEY CLASS A,Financials,782,r3k_501_1000,HLI
CART,MAPLEBEAR,Consumer Staples,783,r3k_501_1000,CART
FAF,FIRST AMERICAN FINANCIAL CORP,Financials,784,r3k_501_1000,FAF
MTDR,MATADOR RESOURCES,Energy,785,r3k_501_1000,MTDR
COMP,COMPASS INC CLASS A,Real Estate,786,r3k_501_1000,COMP
FLR,FLUOR CORP,Industrials,787,r3k_501_1000,FLR
AGCO,AGCO,Industrials,788,r3k_501_1000,AGCO
PCVX,VAXCYTE,Health Care,789,r3k_501_1000,PCVX
SSD,SIMPSON MANUFACTURING,Industrials,790,r3k_501_1000,SSD
AVT,AVNET INC,Information Technology,791,r3k_501_1000,AVT
NFG,NATIONAL FUEL GAS,Utilities,792,r3k_501_1000,NFG
SFM,SPROUTS FARMERS MARKET INC,Consumer Staples,793,r3k_501_1000,SFM
AAOI,APPLIED OPTOELECTRONICS,Information Technology,795,r3k_501_1000,AAOI
RAL,RALLIANT,Information Technology,797,r3k_501_1000,RAL
ALKS,ALKERMES,Health Care,799,r3k_501_1000,ALKS
TKR,TIMKEN,Industrials,800,r3k_501_1000,TKR
AWI,ARMSTRONG WORLD INDUSTRIES,Industrials,801,r3k_501_1000,AWI
DOX,AMDOCS,Information Technology,802,r3k_501_1000,DOX
S,SENTINELONE INC CLASS A,Information Technology,803,r3k_501_1000,S
MP,MP MATERIALS CLASS A,Materials,804,r3k_501_1000,MP
GTLB,GITLAB CLASS A,Information Technology,805,r3k_501_1000,GTLB
LNC,LINCOLN NATIONAL CORP,Financials,806,r3k_501_1000,LNC
ANF,ABERCROMBIE AND FITCH CLASS A,Consumer Discretionary,807,r3k_501_1000,ANF
AM,ANTERO MIDSTREAM,Energy,808,r3k_501_1000,AM
MTG,MGIC INVESTMENT,Financials,809,r3k_501_1000,MTG
IDA,IDACORP,Utilities,810,r3k_501_1000,IDA
HXL,HEXCEL,Industrials,811,r3k_501_1000,HXL
KYMR,KYMERA THERAPEUTICS,Health Care,813,r3k_501_1000,KYMR
PCOR,PROCORE TECHNOLOGIES INC,Information Technology,814,r3k_501_1000,PCOR
FSS,FEDERAL SIGNAL CORP,Industrials,815,r3k_501_1000,FSS
BIO,BIO RAD LABORATORIES CLASS A,Health Care,816,r3k_501_1000,BIO
ESI,ELEMENT SOLUTIONS INC,Materials,817,r3k_501_1000,ESI
LUMN,LUMEN TECHNOLOGIES,Communication,818,r3k_501_1000,LUMN
OWL,BLUE OWL CAPITAL CLASS A,Financials,819,r3k_501_1000,OWL
LW,LAMB WESTON HOLDINGS,Consumer Staples,820,r3k_501_1000,LW
TPG,TPG INC CLASS A,Financials,821,r3k_501_1000,TPG
CAG,CONAGRA BRANDS,Consumer Staples,822,r3k_501_1000,CAG
ACA,ARCOSA,Industrials,823,r3k_501_1000,ACA
LEA,LEAR,Consumer Discretionary,824,r3k_501_1000,LEA
STAG,STAG INDUSTRIAL REIT,Real Estate,825,r3k_501_1000,STAG
EPAM,EPAM SYSTEMS,Information Technology,826,r3k_501_1000,EPAM
ETSY,ETSY,Consumer Discretionary,827,r3k_501_1000,ETSY
TRNO,TERRENO REALTY REIT,Real Estate,829,r3k_501_1000,TRNO
WEX,WEX,Financials,831,r3k_501_1000,WEX
PBF,PBF ENERGY CLASS A,Energy,832,r3k_501_1000,PBF
TEM,TEMPUS AI CLASS A,Health Care,833,r3k_501_1000,TEM
ESNT,ESSENT GROUP,Financials,834,r3k_501_1000,ESNT
ZWS,ZURN ELKAY WATER SOLUTIONS CORP,Industrials,835,r3k_501_1000,ZWS
MHK,MOHAWK INDUSTRIES,Consumer Discretionary,836,r3k_501_1000,MHK
CHE,CHEMED,Health Care,838,r3k_501_1000,CHE
TTD,TRADE DESK INC CLASS A,Communication,839,r3k_501_1000,TTD
HWC,HANCOCK WHITNEY,Financials,840,r3k_501_1000,HWC
PLXS,PLEXUS CORP,Information Technology,841,r3k_501_1000,PLXS
PCTY,PAYLOCITY HOLDING CORP,Industrials,842,r3k_501_1000,PCTY
BLDR,BUILDERS FIRSTSOURCE INC,Industrials,843,r3k_501_1000,BLDR
ZETA,ZETA GLOBAL HOLDINGS CLASS A,Information Technology,844,r3k_501_1000,ZETA
SYRE,SPYRE THERAPEUTICS INC,Health Care,845,r3k_501_1000,SYRE
INGR,INGREDION INC,Consumer Staples,846,r3k_501_1000,INGR
RNG,RINGCENTRAL INC CLASS A,Information Technology,847,r3k_501_1000,RNG
TEX,TEREX,Industrials,848,r3k_501_1000,TEX
MSA,MSA SAFETY INC,Industrials,849,r3k_501_1000,MSA
ESE,ESCO TECHNOLOGIES,Industrials,850,r3k_501_1000,ESE
CLF,CLEVELAND CLIFFS INC,Materials,851,r3k_501_1000,CLF
H,HYATT HOTELS CORP CLASS A,Consumer Discretionary,852,r3k_501_1000,H
QLYS,QUALYS,Information Technology,853,r3k_501_1000,QLYS
ENS,ENERSYS,Industrials,854,r3k_501_1000,ENS
CZR,CAESARS ENTERTAINMENT INC,Consumer Discretionary,855,r3k_501_1000,CZR
FNB,FNB CORP,Financials,856,r3k_501_1000,FNB
VLY,VALLEY NATIONAL,Financials,857,r3k_501_1000,VLY
NPO,ENPRO,Industrials,858,r3k_501_1000,NPO
LNTH,LANTHEUS HOLDINGS,Health Care,859,r3k_501_1000,LNTH
MSGS,MADISON SQUARE GARDEN SPORTS CLASS,Communication,860,r3k_501_1000,MSGS
EPRT,ESSENTIAL PROPERTIES REALTY TRUST,Real Estate,862,r3k_501_1000,EPRT
MGY,MAGNOLIA OIL GAS CORP CLASS A,Energy,863,r3k_501_1000,MGY
LKQ,LKQ CORP,Consumer Discretionary,864,r3k_501_1000,LKQ
HRB,H&R BLOCK INC,Consumer Discretionary,865,r3k_501_1000,HRB
APLD,APPLIED DIGITAL,Information Technology,866,r3k_501_1000,APLD
TXNM,TXNM ENERGY INC,Utilities,867,r3k_501_1000,TXNM
ST,SENSATA TECHNOLOGIES HOLDING PLC,Industrials,868,r3k_501_1000,ST
TFX,TELEFLEX,Health Care,869,r3k_501_1000,TFX
SWX,SOUTHWEST GAS HOLDINGS,Utilities,871,r3k_501_1000,SWX
QBTS,D WAVE QUANTUM,Information Technology,872,r3k_501_1000,QBTS
UBSI,UNITED BANKSHARES,Financials,873,r3k_501_1000,UBSI
M,MACYS INC,Consumer Discretionary,874,r3k_501_1000,M
VNO,VORNADO REALTY TRUST REIT,Real Estate,875,r3k_501_1000,VNO
HR,HEALTHCARE REALTY TRUST INC CLASS,Real Estate,876,r3k_501_1000,HR
EXP,EAGLE MATERIALS INC,Materials,877,r3k_501_1000,EXP
WFRD,WEATHERFORD INTERNATIONAL PLC,Energy,878,r3k_501_1000,WFRD
RYN,RAYONIER REIT,Real Estate,881,r3k_501_1000,RYN
LYFT,LYFT CLASS A,Industrials,882,r3k_501_1000,LYFT
FTDR,FRONTDOOR INC,Consumer Discretionary,883,r3k_501_1000,FTDR
ONON,ON HOLDING AG CLASS A,Consumer Discretionary,884,r3k_501_1000,ONON
AUB,ATLANTIC UNION BANKSHARES,Financials,885,r3k_501_1000,AUB
IESC,IES INC,Industrials,886,r3k_501_1000,IESC
GTES,GATES INDUSTRIAL PLC,Industrials,887,r3k_501_1000,GTES
CVLT,COMMVAULT SYSTEMS,Information Technology,888,r3k_501_1000,CVLT
TAP,MOLSON COORS BREWING CLASS B,Consumer Staples,889,r3k_501_1000,TAP
MBGL,MOBILITY GLOBAL INC,Industrials,890,r3k_501_1000,MBGL
HIMS,HIMS HERS HEALTH CLASS A,Health Care,891,r3k_501_1000,HIMS
GATX,GATX,Industrials,892,r3k_501_1000,GATX
GBCI,GLACIER BANCORP INC,Financials,893,r3k_501_1000,GBCI
MAC,MACERICH REIT,Real Estate,895,r3k_501_1000,MAC
PATH,UIPATH INC CLASS A,Information Technology,896,r3k_501_1000,PATH
MKTX,MARKETAXESS HOLDINGS,Financials,897,r3k_501_1000,MKTX
HOMB,HOME BANCSHARES INC,Financials,898,r3k_501_1000,HOMB
CWST,CASELLA WASTE SYSTEMS CLASS A,Industrials,899,r3k_501_1000,CWST
AMKR,AMKOR TECHNOLOGY,Information Technology,900,r3k_501_1000,AMKR
G,GENPACT,Industrials,901,r3k_501_1000,G
JBTM,JBT MAREL,Industrials,902,r3k_501_1000,JBTM
BRKR,BRUKER,Health Care,903,r3k_501_1000,BRKR
AVAV,AEROVIRONMENT,Industrials,904,r3k_501_1000,AVAV
XENE,XENON PHARMACEUTICALS,Health Care,905,r3k_501_1000,XENE
POOL,POOL,Consumer Discretionary,906,r3k_501_1000,POOL
DBX,DROPBOX INC CLASS A,Information Technology,907,r3k_501_1000,DBX
SAIC,SCIENCE APPLICATIONS INTERNATIONAL,Industrials,908,r3k_501_1000,SAIC
DUOL,DUOLINGO CLASS A,Consumer Discretionary,910,r3k_501_1000,DUOL
UHAL.B,U HAUL NON VOTING SERIES N,Industrials,911,r3k_501_1000,UHAL B
CNO,CNO FINANCIAL GROUP,Financials,912,r3k_501_1000,CNO
SIGI,SELECTIVE INSURANCE GROUP,Financials,913,r3k_501_1000,SIGI
LTH,LIFE TIME GROUP HOLDINGS,Consumer Discretionary,914,r3k_501_1000,LTH
SIRI,SIRIUSXM HOLDINGS,Communication,915,r3k_501_1000,SIRI
ORA,ORMAT TECH INC,Utilities,916,r3k_501_1000,ORA
LGND,LIGAND PHARMACEUTICALS,Health Care,917,r3k_501_1000,LGND
Z,ZILLOW GROUP CLASS C,Real Estate,918,r3k_501_1000,Z
POR,PORTLAND GENERAL ELECTRIC,Utilities,919,r3k_501_1000,POR
RITM,RITHM CAPITAL,Financials,920,r3k_501_1000,RITM
EXLS,EXLSERVICE HOLDINGS,Industrials,921,r3k_501_1000,EXLS
MSM,MSC INDUSTRIAL CLASS A,Industrials,922,r3k_501_1000,MSM
NE,NOBLE CORPORATION PLC,Energy,923,r3k_501_1000,NE
PTCT,PTC THERAPEUTICS,Health Care,924,r3k_501_1000,PTCT
CAVA,CAVA GROUP,Consumer Discretionary,925,r3k_501_1000,CAVA
HAE,HAEMONETICS CORP,Health Care,926,r3k_501_1000,HAE
GXO,GXO LOGISTICS,Industrials,927,r3k_501_1000,GXO
COGT,COGENT BIOSCIENCES,Health Care,928,r3k_501_1000,COGT
VSNT,VERSANT MEDIA GROUP INC CLASS A,Communication,929,r3k_501_1000,VSNT
MUR,MURPHY OIL CORP,Energy,930,r3k_501_1000,MUR
ACIW,ACI WORLDWIDE,Information Technology,931,r3k_501_1000,ACIW
CHDN,CHURCHILL DOWNS,Consumer Discretionary,932,r3k_501_1000,CHDN
ECG,EVERUS CONSTRUCTION GROUP,Industrials,933,r3k_501_1000,ECG
SARO,STANDARDAERO,Industrials,934,r3k_501_1000,SARO
SXT,SENSIENT TECHNOLOGIES,Materials,935,r3k_501_1000,SXT
TVTX,TRAVERE THERAPEUTICS,Health Care,936,r3k_501_1000,TVTX
KRG,KITE REALTY GROUP TRUST REIT,Real Estate,937,r3k_501_1000,KRG
ENVA,ENOVA INTERNATIONAL,Financials,938,r3k_501_1000,ENVA
CROX,CROCS,Consumer Discretionary,939,r3k_501_1000,CROX
VRNS,VARONIS SYSTEMS,Information Technology,941,r3k_501_1000,VRNS
GFS,GLOBALFOUNDRIES,Information Technology,942,r3k_501_1000,GFS
AROC,ARCHROCK,Energy,943,r3k_501_1000,AROC
DK,DELEK US HOLDINGS INC,Energy,944,r3k_501_1000,DK
ULS,UL SOLUTIONS INC CLASS A,Industrials,945,r3k_501_1000,ULS
MTN,VAIL RESORTS,Consumer Discretionary,946,r3k_501_1000,MTN
OZK,BANK OZK,Financials,947,r3k_501_1000,OZK
STWD,STARWOOD PROPERTY TRUST REIT INC,Financials,949,r3k_501_1000,STWD
BROS,DUTCH BROS CLASS A,Consumer Discretionary,950,r3k_501_1000,BROS
WULF,TERAWULF,Information Technology,951,r3k_501_1000,WULF
CNR,CORE NATURAL RESOURCES,Energy,952,r3k_501_1000,CNR
BKH,BLACK HILLS CORP,Utilities,953,r3k_501_1000,BKH
GNTX,GENTEX,Consumer Discretionary,954,r3k_501_1000,GNTX
AN,AUTONATION,Consumer Discretionary,955,r3k_501_1000,AN
RDN,RADIAN GROUP,Financials,956,r3k_501_1000,RDN
RYTM,RHYTHM PHARMACEUTICALS,Health Care,957,r3k_501_1000,RYTM
RLI,RLI CORP,Financials,958,r3k_501_1000,RLI
MXL,MAXLINEAR,Information Technology,959,r3k_501_1000,MXL
NJR,NEW JERSEY RESOURCES CORP,Utilities,960,r3k_501_1000,NJR
NXST,NEXSTAR MEDIA GROUP INC,Communication,961,r3k_501_1000,NXST
ABCB,AMERIS BANCORP,Financials,962,r3k_501_1000,ABCB
AGX,ARGAN,Industrials,963,r3k_501_1000,AGX
HCC,WARRIOR MET COAL INC,Materials,964,r3k_501_1000,HCC
CORZ,CORE SCIENTIFIC INC,Information Technology,965,r3k_501_1000,CORZ
ELF,ELF BEAUTY,Consumer Staples,966,r3k_501_1000,ELF
NEU,NEWMARKET,Materials,967,r3k_501_1000,NEU
VNT,VONTIER,Information Technology,968,r3k_501_1000,VNT
KGS,KODIAK GAS SERVICES INC,Energy,969,r3k_501_1000,KGS
WH,WYNDHAM HOTELS RESORTS,Consumer Discretionary,970,r3k_501_1000,WH
PRMB,PRIMO BRANDS CLASS A CORP,Consumer Staples,971,r3k_501_1000,PRMB
NOVT,NOVANTA,Information Technology,972,r3k_501_1000,NOVT
VSXY,VICTORIA S SECRET,Consumer Discretionary,973,r3k_501_1000,VSXY
DFTX,DEFINIUM THERAPEUTICS INC,Health Care,974,r3k_501_1000,DFTX
FIG,FIGMA CLASS A,Information Technology,975,r3k_501_1000,FIG
RDNT,RADNET,Health Care,976,r3k_501_1000,RDNT
BCPC,BALCHEM,Materials,977,r3k_501_1000,BCPC
OKLO,OKLO CLASS A,Utilities,978,r3k_501_1000,OKLO
MMSI,MERIT MEDICAL SYSTEMS INC,Health Care,979,r3k_501_1000,MMSI
AS,AMER SPORTS INC,Consumer Discretionary,980,r3k_501_1000,AS
WTM,WHITE MOUNTAINS INSURANCE GROUP,Financials,981,r3k_501_1000,WTM
FIGR,FIGURE TECHNOLOGY SOLUTIONS CLASS,Financials,982,r3k_501_1000,FIGR
CIFR,CIPHER DIGITAL INC,Information Technology,983,r3k_501_1000,CIFR
APPF,APPFOLIO CLASS A,Information Technology,984,r3k_501_1000,APPF
CHWY,CHEWY INC CLASS A,Consumer Discretionary,985,r3k_501_1000,CHWY
KBR,KBR INC,Industrials,986,r3k_501_1000,KBR
FND,FLOOR DECOR HOLDINGS CLASS A,Consumer Discretionary,987,r3k_501_1000,FND
VSEC,VSE CORP,Industrials,988,r3k_501_1000,VSEC
CE,CELANESE CORP,Materials,989,r3k_501_1000,CE
BSY,BENTLEY SYSTEMS INC CLASS B,Information Technology,990,r3k_501_1000,BSY
FBIN,FORTUNE BRANDS INNOVATIONS,Industrials,991,r3k_501_1000,FBIN
PIPR,PIPER SANDLER COMPANIES,Financials,992,r3k_501_1000,PIPR
DNTH,DIANTHUS THERAPEUTICS INC,Health Care,993,r3k_501_1000,DNTH
AAON,AAON,Industrials,996,r3k_501_1000,AAON
BC,BRUNSWICK CORP,Consumer Discretionary,997,r3k_501_1000,BC
UFPI,UFP INDUSTRIES,Industrials,998,r3k_501_1000,UFPI
PTEN,PATTERSON UTI ENERGY INC,Energy,1000,r3k_501_1000,PTEN
BIPC,BROOKFIELD INFRASTRUCTURE CORP CLA,Utilities,1002,r3k_utilities_depth,BIPC
SR,SPIRE INC,Utilities,1020,r3k_utilities_depth,SR
BEPC,BROOKFIELD RENEWABLE SUBORDINATE V,Utilities,1065,r3k_utilities_depth,BEPC
NWE,NORTHWESTERN ENERGY GROUP,Utilities,1127,r3k_utilities_depth,NWE
MDU,MDU RESOURCES GROUP,Utilities,1181,r3k_utilities_depth,MDU
CWEN,CLEARWAY ENERGY INC CLASS C,Utilities,1203,r3k_utilities_depth,CWEN
AWR,AMERICAN STATES WATER,Utilities,1241,r3k_utilities_depth,AWR
AVA,AVISTA,Utilities,1293,r3k_utilities_depth,AVA
CPK,CHESAPEAKE UTILITIES,Utilities,1320,r3k_utilities_depth,CPK
MGEE,MGE ENERGY,Utilities,1340,r3k_utilities_depth,MGEE
NWN,NORTHWEST NATURAL HOLDING COMPANY,Utilities,1466,r3k_utilities_depth,NWN
HTO,H2O AMERICA,Utilities,1575,r3k_utilities_depth,HTO
HE,HAWAIIAN ELECTRIC INDUSTRIES,Utilities,1595,r3k_utilities_depth,HE
MSEX,MIDDLESEX WATER,Utilities,1828,r3k_utilities_depth,MSEX
UTL,UNITIL CORP,Utilities,2126,r3k_utilities_depth,UTL
CWCO,CONSOLIDATED WATER LTD,Utilities,2272,r3k_utilities_depth,CWCO
GNE,GENIE ENERGY LTD CLASS B,Utilities,2476,r3k_utilities_depth,GNE
MNTK,MONTAUK RENEWABLES INC,Utilities,2519,r3k_utilities_depth,MNTK
RIG,TRANSOCEAN,Energy,1008,r3k_depth_draw,RIG
WHD,CACTUS CLASS A,Energy,1069,r3k_depth_draw,WHD
OII,OCEANEERING INTERNATIONAL INC,Energy,1079,r3k_depth_draw,OII
CRGY,CRESCENT ENERGY CLASS A,Energy,1152,r3k_depth_draw,CRGY
SEI,SOLARIS ENERGY INFRASTRUCTURE INC,Energy,1261,r3k_depth_draw,SEI
BTU,PEABODY ENERGY CORP,Energy,1271,r3k_depth_draw,BTU
WTTR,SELECT WATER SOLUTIONS CLASS A,Energy,1409,r3k_depth_draw,WTTR
LPG,DORIAN LPG,Energy,1522,r3k_depth_draw,LPG
NAT,NORDIC AMERICAN TANKERS LTD,Energy,1674,r3k_depth_draw,NAT
CVI,CVR ENERGY INC,Energy,1716,r3k_depth_draw,CVI
GPRE,GREEN PLAINS,Energy,1826,r3k_depth_draw,GPRE
INVX,INNOVEX INTERNATIONAL INC,Energy,1839,r3k_depth_draw,INVX
BORR,BORR DRILLING,Energy,1903,r3k_depth_draw,BORR
ASC,ARDMORE SHIPPING CORP,Energy,1927,r3k_depth_draw,ASC
AESI,ATLAS ENERGY SOLUTIONS,Energy,1953,r3k_depth_draw,AESI
FLNG,FLEX LNG,Energy,1966,r3k_depth_draw,FLNG
EGY,VAALCO ENERGY INC,Energy,2148,r3k_depth_draw,EGY
CLB,CORE LABORATORIES,Energy,2219,r3k_depth_draw,CLB
BKV,BKV,Energy,2225,r3k_depth_draw,BKV
SD,SANDRIDGE ENERGY INC,Energy,2235,r3k_depth_draw,SD
WTI,W AND T OFFSHORE,Energy,2271,r3k_depth_draw,WTI
VTS,VITESSE ENERGY INC,Energy,2311,r3k_depth_draw,VTS
GRNT,GRANITE RIDGE RESOURCES,Energy,2330,r3k_depth_draw,GRNT
EU,ENCORE ENERGY,Energy,2523,r3k_depth_draw,EU
P5N994,Petrocorp Inc Escrow,Energy,2574,r3k_depth_draw,P5N994
MTRN,MATERION,Materials,1052,r3k_depth_draw,MTRN
CBT,CABOT CORP,Materials,1085,r3k_depth_draw,CBT
AUGO,AURA MINERALS INC,Materials,1208,r3k_depth_draw,AUGO
FUL,HB FULLER,Materials,1313,r3k_depth_draw,FUL
GPK,GRAPHIC PACKAGING HOLDING,Materials,1332,r3k_depth_draw,GPK
HWKN,HAWKINS INC,Materials,1370,r3k_depth_draw,HWKN
CC,CHEMOURS,Materials,1493,r3k_depth_draw,CC
PPTA,PERPETUA RESOURCES,Materials,1515,r3k_depth_draw,PPTA
TRS,TRIMAS,Materials,1703,r3k_depth_draw,TRS
SCL,STEPAN,Materials,1712,r3k_depth_draw,SCL
HYMC,HYCROFT MINING HOLDING CORP CLASS,Materials,1831,r3k_depth_draw,HYMC
MYE,MYERS INDUSTRIES INC,Materials,1842,r3k_depth_draw,MYE
ELE,ELEMENTAL ROYALTY CORP,Materials,1884,r3k_depth_draw,ELE
SXC,SUNCOKE ENERGY INC,Materials,1925,r3k_depth_draw,SXC
CMP,COMPASS MINERALS INTERNATIONAL,Materials,2005,r3k_depth_draw,CMP
LXU,LSB INDUSTRIES,Materials,2009,r3k_depth_draw,LXU
LZM,LIFEZONE METALS LTD,Materials,2137,r3k_depth_draw,LZM
TROX,TRONOX HOLDINGS PLC,Materials,2229,r3k_depth_draw,TROX
TTAM,TITAN AMERICA SA,Materials,2248,r3k_depth_draw,TTAM
RYAM,RAYONIER ADVANCED MATERIALS,Materials,2260,r3k_depth_draw,RYAM
NB,NIOCORP DEVELOPMENTS,Materials,2305,r3k_depth_draw,NB
UAMY,UNITED STATES ANTIMONY CORP,Materials,2327,r3k_depth_draw,UAMY
IPI,INTREPID POTASH INC,Materials,2329,r3k_depth_draw,IPI
ASPN,ASPEN AEROGELS,Materials,2441,r3k_depth_draw,ASPN
ASPI,ASP ISOTOPES,Materials,2465,r3k_depth_draw,ASPI
GSAT,GLOBALSTAR VOTING,Communication,1081,r3k_depth_draw,GSAT
CNK,CINEMARK HOLDINGS INC,Communication,1157,r3k_depth_draw,CNK
CARG,CARGURUS CLASS A,Communication,1234,r3k_depth_draw,CARG
LION,LIONSGATE STUDIOS,Communication,1467,r3k_depth_draw,LION
ZD,ZIFF DAVIS INC,Communication,1525,r3k_depth_draw,ZD
IMAX,IMAX,Communication,1545,r3k_depth_draw,IMAX
UNIT,UNITI GROUP INC,Communication,1730,r3k_depth_draw,UNIT
TRIP,TRIPADVISOR,Communication,1911,r3k_depth_draw,TRIP
CCO,CLEAR CHANNEL OUTDOOR HOLDINGS INC,Communication,1944,r3k_depth_draw,CCO
NIQ,NIQ GLOBAL INTELLIGENCE PLC,Communication,1950,r3k_depth_draw,NIQ
NEXN,NEXXEN INTERNATIONAL LTD,Communication,2024,r3k_depth_draw,NEXN
MCS,THE MARCUS CORP,Communication,2048,r3k_depth_draw,MCS
EVER,EVERQUOTE CLASS A,Communication,2101,r3k_depth_draw,EVER
BATRA,ATLANTA BRAVES HOLDINGS SERIES A,Communication,2151,r3k_depth_draw,BATRA
SHEN,SHENANDOAH TELECOMMUNICATIONS,Communication,2202,r3k_depth_draw,SHEN
GTN,GRAY MEDIA INC,Communication,2345,r3k_depth_draw,GTN
AMCX,AMC GLOBAL MEDIA CLASS A,Communication,2376,r3k_depth_draw,AMCX
FUBO,FUBOTV CLASS A,Communication,2393,r3k_depth_draw,FUBO
MAX,MEDIAALPHA CLASS A,Communication,2398,r3k_depth_draw,MAX
ZIP,ZIPRECRUITER INC CLASS A,Communication,2409,r3k_depth_draw,ZIP
BMBL,BUMBLE CLASS A,Communication,2458,r3k_depth_draw,BMBL
NCMI,NATIONAL CINEMEDIA INC,Communication,2481,r3k_depth_draw,NCMI
ANGI,ANGI INC CLASS A,Communication,2493,r3k_depth_draw,ANGI
CABO,CABLE ONE INC,Communication,2544,r3k_depth_draw,CABO
GLIBA,LIBERTY CAPITAL SERIES A,Communication,2557,r3k_depth_draw,GLIBA
